tag	type	l_name	ISO	geo	geo_name	officialStatus	references	LP	IPop	PPPGDP	IPv4
aa-DJ	aa	Afar	DJI	DJ	Djibouti			0.3839	0.0365	1.1189	0.0215
aa-ER	aa	Afar	ERI	ER	Eritrea			0.2278	0.0021	0.2726	0.0002
aa-ET	aa	Afar	ETH	ET	Ethiopia			1.2439	0.0236	1.7745	0.0014
ab-GE	ab	Abkhazian	GEO	GE	Georgia	official_regional		0.0986	0.0425	0.7059	0.0260
ab-TR	ab	Abkhazian	TUR	TR	Turkey		R1079	0.0037	0.0017	0.0707	0.0008
abr-GH	abr	Abron	GHA	GH	Ghana			1.2782	0.1572	5.1491	0.0242
ace-ID	ace	Achinese	IDN	ID	Indonesia			3.4714	0.5492	33.4453	0.2474
ach-UG	ach	Acoli	UGA	UG	Uganda		R1283	1.3625	0.2207	2.2900	0.0086
ady-RU	ady	Adyghe	RUS	RU	Russia	official_regional		0.1265	0.0776	3.0726	0.0407
ady-TR	ady	Adyghe	TUR	TR	Turkey			0.2983	0.1380	5.6298	0.0635
aeb-TN	aeb	Tunisian Arabic	TUN	TN	Tunisia			9.7983	4.2917	107.7606	3.2878
af-BW	af	Afrikaans	BWA	BW	Botswana			0.0058	0.0009	0.0887	0.0003
af-NA	af	Afrikaans	NAM	NA	Namibia	de_facto_official	R1256	1.6305	0.2266	16.6837	0.3196
af-ZA	af	Afrikaans	ZAF	ZA	South Africa	official_regional		6.8877	3.3681	86.1406	3.4384
agq-CM	agq	Aghem	CMR	CM	Cameroon			0.0308	0.0020	0.0881	0.0004
ak-GH	ak	Akan	GHA	GH	Ghana	official_regional		9.9696	1.2263	40.1630	0.1891
aln-XK	aln	Gheg Albanian	XKK	XK	Kosovo		R1305				
alt-RU	alt	Southern Altai	RUS	RU	Russia			0.0201	0.0124	0.4888	0.0065
am-ET	am	Amharic	ETH	ET	Ethiopia	official		29.3205	0.5571	41.8268	0.0330
am-IL	am	Amharic	ISR	IL	Israel			0.0464	0.0329	1.5193	0.0449
amo-NG	amo	Amo	NGA	NG	Nigeria			0.0147	0.0056	0.0846	0.0002
aoz-ID	aoz	Uab Meto	IDN	ID	Indonesia			0.6695	0.1059	6.4502	0.0477
ar-AE	ar	Arabic	ARE	AE	United Arab Emirates	official		7.0442	6.1989	445.0477	2.9257
ar-BH	ar	Arabic	BHR	BH	Bahrain	official	R1007	1.0214	0.9192	50.7045	0.3948
ar-CM	ar	Arabic	CMR	CM	Cameroon			0.0858	0.0055	0.2454	0.0010
ar-CY	ar	Arabic	CYP	CY	Cyprus			0.0010	0.0006	0.0279	0.0012
ar-DJ	ar	Arabic	DJI	DJ	Djibouti	official		0.0667	0.0063	0.1945	0.0037
ar-DZ	ar	Arabic	DZA	DZ	Algeria	official		28.0460	4.6276	386.6974	2.7420
ar-EG	ar	Arabic	EGY	EG	Egypt	official		78.6780	38.9928	855.2073	11.7852
ar-EH	ar	Arabic	ESH	EH	Western Sahara	official					0.0015
ar-ER	ar	Arabic	ERI	ER	Eritrea	official	R1032	0.3101	0.0028	0.3711	0.0003
ar-IL	ar	Arabic	ISR	IL	Israel	official		1.5742	1.1145	51.5022	1.5222
ar-IQ	ar	Arabic	IRQ	IQ	Iraq	official		23.6477	2.1756	339.7402	0.4186
ar-IR	ar	Arabic	IRN	IR	Iran			1.5396	0.4834	24.8866	0.2209
ar-JO	ar	Arabic	JOR	JO	Jordan	official	R1036	6.5440	2.8924	76.1670	0.6672
ar-KE	ar	Arabic	KEN	KE	Kenya			0.0192	0.0075	0.0579	0.0018
ar-KM	ar	Arabic	COM	KM	Comoros	official		0.4679	0.0304	0.7564	0.0036
ar-KW	ar	Arabic	KWT	KW	Kuwait	official		3.8900	2.9354	275.3600	1.9448
ar-LB	ar	Arabic	LBN	LB	Lebanon	official		3.8416	2.7083	66.5666	0.4498
ar-LY	ar	Arabic	LBY	LY	Libya	official		4.5303	0.7475	93.6862	0.2439
ar-MA	ar	Arabic	MAR	MA	Morocco	official		20.3689	11.4066	149.8397	4.0153
ar-ML	ar	Arabic	MLI	ML	Mali			0.1500	0.0035	0.2240	0.0005
ar-MR	ar	Arabic	MRT	MR	Mauritania	official		3.1577	0.1958	10.0632	0.0377
ar-NE	ar	Arabic	NER	NE	Niger			0.0349	0.0006	0.0343	0.0001
ar-NG	ar	Arabic	NGA	NG	Nigeria			0.1202	0.0457	0.6906	0.0015
ar-OM	ar	Arabic	OMN	OM	Oman	official		2.9111	1.9345	126.0684	0.7316
ar-PS	ar	Arabic	PSE	PS	Palestinian Territories	official					0.5796
ar-QA	ar	Arabic	QAT	QA	Qatar	official		1.8200	1.5525	265.5653	0.7285
ar-SA	ar	Arabic	SAU	SA	Saudi Arabia	official		29.9940	18.1464	1553.0600	7.5303
ar-SD	ar	Arabic	SDN	SD	Sudan	official	R1234	20.9730	4.7609	92.8810	0.7397
ar-SO	ar	Arabic	SOM	SO	Somalia	official	R1236				0.0074
ar-SS	ar	Arabic	SSD	SS	South Sudan		R1237	2.9381		7.0535	
ar-SY	ar	Arabic	SYR	SY	Syria	official					0.6763
ar-TD	ar	Arabic	TCD	TD	Chad	official	R1239	1.8715	0.0430	4.5523	0.0018
ar-TJ	ar	Arabic	TJK	TJ	Tajikistan			0.0010	0.0002	0.0025	0.0000
ar-TN	ar	Arabic	TUN	TN	Tunisia	official		9.7983	4.2917	107.7606	3.2878
ar-TR	ar	Arabic	TUR	TR	Turkey			0.4283	0.1981	8.0838	0.0912
ar-YE	ar	Arabic	YEM	YE	Yemen	official		19.7284	3.9457	75.7264	0.0519
arn-CL	arn	Mapuche	CHL	CL	Chile		R1287	0.2634	0.1751	5.9343	0.1518
aro-BO	aro	Araona	BOL	BO	Bolivia			0.0001	0.0000	0.0007	0.0000
arq-DZ	arq	Algerian Arabic	DZA	DZ	Algeria			31.4570	5.1904	433.7281	3.0755
ary-MA	ary	Moroccan Arabic	MAR	MA	Morocco			28.5821	16.0060	210.2590	5.6344
arz-EG	arz	Egyptian Arabic	EGY	EG	Egypt			53.5680	26.5483	582.2688	8.0240
as-IN	as	Assamese	IND	IN	India	official_regional		16.1634	2.4407	88.0876	0.4732
asa-TZ	asa	Asu	TZA	TZ	Tanzania		R1187	0.5553	0.0244	1.0186	0.0102
ast-ES	ast	Asturian	ESP	ES	Spain	official_regional	R1096	0.6059	0.4337	19.3543	0.3771
atj-CA	atj	Atikamekw	CAN	CA	Canada		R1063	0.0056	0.0048	0.2429	0.0129
av-RU	av	Avaric	RUS	RU	Russia	official_regional		0.5604	0.3441	13.6173	0.1805
awa-IN	awa	Awadhi	IND	IN	India			23.6235	3.5671	128.7434	0.6917
awa-NP	awa	Awadhi	NPL	NP	Nepal			0.6114	0.0813	1.3728	0.0108
ay-BO	ay	Aymara	BOL	BO	Bolivia	official		2.2074	0.8719	13.0848	0.2275
ay-PE	ay	Aymara	PER	PE	Peru			0.4951	0.1941	5.7223	0.0504
az_Arab-IR	az_Arab	Azerbaijani (Arabic)	IRN	IR	Iran			18.4747	5.8011	298.6392	2.6503
az_Cyrl-AZ	az_Cyrl	Azerbaijani (Cyrillic)	AZE	AZ	Azerbaijan	official	R1121	0.9216	0.5410	15.6933	0.0710
az_Cyrl-RU	az_Cyrl	Azerbaijani (Cyrillic)	RUS	RU	Russia	official_regional	R1261	0.1336	0.0821	3.2472	0.0431
az_Latn-AM	az_Latn	Azerbaijani (Latin)	ARM	AM	Armenia		R1290	0.0000	0.0000	0.0000	0.0000
az_Latn-AZ	az_Latn	Azerbaijani (Latin)	AZE	AZ	Azerbaijan	official	R1120	8.2850	4.8633	141.0810	0.6386
az_Latn-TR	az_Latn	Azerbaijani (Latin)	TUR	TR	Turkey			0.5660	0.2618	10.6821	0.1205
azb-IR	azb	South Azerbaijani	IRN	IR	Iran			18.4747	5.8011	298.6392	2.6503
ba-RU	ba	Bashkir	RUS	RU	Russia	official_regional		1.8681	1.1470	45.3911	0.6018
bal-AE	bal	Baluchi	ARE	AE	United Arab Emirates			0.2077	0.1828	13.1232	0.0863
bal-AF	bal	Baluchi	AFG	AF	Afghanistan	official_regional		0.2047	0.0121	0.3938	0.0011
bal-IR	bal	Baluchi	IRN	IR	Iran			1.5396	0.4834	24.8866	0.2209
bal-OM	bal	Baluchi	OMN	OM	Oman			0.1761	0.1170	7.6264	0.0443
bal-PK	bal	Baluchi	PAK	PK	Pakistan			6.7558	0.7364	30.8978	0.1934
ban-ID	ban	Balinese	IDN	ID	Indonesia		R1144	4.4632	0.7061	43.0011	0.3180
bap-NP	bap	Bantawa	NPL	NP	Nepal			0.4168	0.0554	0.9360	0.0074
bar-AT	bar	Bavarian	AUT	AT	Austria			8.0598	6.4977	357.8850	10.7870
bas-CM	bas	Basaa	CMR	CM	Cameroon		R1241	0.2639	0.0169	0.7551	0.0030
bax-CM	bax	Bamun	CMR	CM	Cameroon			0.2639	0.0169	0.7551	0.0030
bbc-ID	bbc	Batak Toba	IDN	ID	Indonesia			2.2812	0.3609	21.9783	0.1626
bbj-CM	bbj	Ghomala	CMR	CM	Cameroon		R1147	0.3079	0.0197	0.8809	0.0035
bci-CI	bci	Baoulé	CIV	CI	Côte d’Ivoire			2.6476	0.0688	7.1744	0.0201
be-BY	be	Belarusian	BLR	BY	Belarus	official		9.4640	5.1266	166.7860	1.8374
be-PL	be	Belarusian	POL	PL	Poland			0.2235	0.1405	5.2013	0.1199
be-UA	be	Belarusian	UKR	UA	Ukraine			0.3766	0.1574	3.2578	0.0988
bem-ZM	bem	Bemba	ZMB	ZM	Zambia		R1104	4.5071	0.6941	17.6932	0.2804
bew-ID	bew	Betawi	IDN	ID	Indonesia			5.2070	0.8238	50.1679	0.3710
bez-TZ	bez	Bena	TZA	TZ	Tanzania			0.7867	0.0346	1.4430	0.0144
bfd-CM	bfd	Bafut	CMR	CM	Cameroon		R1243	0.1254	0.0080	0.3586	0.0014
bfq-IN	bfq	Badaga	IND	IN	India			0.2860	0.0432	1.5585	0.0084
bft-IN	bft	Balti	IND	IN	India			0.0771	0.0116	0.4201	0.0023
bft-PK	bft	Balti	PAK	PK	Pakistan			0.3287	0.0358	1.5031	0.0094
bfy-IN	bfy	Bagheli	IND	IN	India			0.4600	0.0695	2.5071	0.0135
bfy-NP	bfy	Bagheli	NPL	NP	Nepal			0.1501	0.0200	0.3370	0.0027
bg-BG	bg	Bulgarian	BGR	BG	Bulgaria	official		7.2380	3.8406	119.5610	4.3834
bg-GR	bg	Bulgarian	GRC	GR	Greece			0.0299	0.0179	0.7505	0.0159
bg-MD	bg	Bulgarian	MDA	MD	Moldova			0.3345	0.1633	1.5612	0.0985
bg-RO	bg	Bulgarian	ROU	RO	Romania			0.0066	0.0033	0.1151	0.0032
bg-TR	bg	Bulgarian	TUR	TR	Turkey			0.3212	0.1486	6.0628	0.0684
bg-UA	bg	Bulgarian	UKR	UA	Ukraine			0.2223	0.0929	1.9233	0.0583
bgc-IN	bgc	Haryanvi	IND	IN	India		R1146	14.9201	2.2529	81.3116	0.4368
bgx-TR	bgx	Balkan Gagauz Turkish	TUR	TR	Turkey			0.3518	0.1627	6.6402	0.0749
bhb-IN	bhb	Bhili	IND	IN	India			1.4920	0.2253	8.1312	0.0437
bhi-IN	bhi	Bhilali	IND	IN	India			1.1439	0.1727	6.2339	0.0335
bhk-PH	bhk	Albay Bicolano	PHL	PH	Philippines			2.2421	0.8296	14.7907	0.1241
bho-IN	bho	Bhojpuri	IND	IN	India			28.5968	4.3181	155.8473	0.8373
bho-MU	bho	Bhojpuri	MUS	MU	Mauritius			0.3515	0.1371	6.0197	0.4883
bho-NP	bho	Bhojpuri	NPL	NP	Nepal			1.8897	0.2513	4.2431	0.0335
bi-VU	bi	Bislama	VUT	VU	Vanuatu	official	R1201	0.2394	0.0271	0.5877	0.0145
bik-PH	bik	Bikol	PHL	PH	Philippines			2.9245	1.0821	19.2923	0.1619
bin-NG	bin	Bini	NGA	NG	Nigeria		R1276	1.2019	0.4567	6.9058	0.0152
bjj-IN	bjj	Kanauji	IND	IN	India			6.9627	1.0514	37.9454	0.2039
bjn-ID	bjn	Banjar	IDN	ID	Indonesia			3.7193	0.5884	35.8342	0.2650
bjn-MY	bjn	Banjar	MYS	MY	Malaysia			0.0051	0.0034	0.1179	0.0011
bkm-CM	bkm	Kom	CMR	CM	Cameroon		R1217	0.2859	0.0183	0.8180	0.0033
bku-PH	bku	Buhid	PHL	PH	Philippines			0.0072	0.0027	0.0476	0.0004
bm_Latn-ML	bm_Latn	Bambara (Latin)	MLI	ML	Mali			7.7528	0.1783	11.5764	0.0264
bm_Nkoo-ML	bm_Nkoo	Bambara (N’Ko)	MLI	ML	Mali		R1291	0.3371	0.0078	0.5033	0.0011
bmq-ML	bmq	Bomu	MLI	ML	Mali			0.1449	0.0033	0.2164	0.0005
bn-BD	bn	Bengali	BGD	BD	Bangladesh	official		153.4631	9.9751	486.0927	1.0256
bn-GB	bn	Bengali	GBR	GB	United Kingdom			0.4294	0.3858	15.5469	0.8290
bn-IN	bn	Bengali	IND	IN	India	official_regional	R1195	100.7105	15.2073	548.8536	2.9487
bn-NP	bn	Bengali	NPL	NP	Nepal			0.0261	0.0035	0.0587	0.0005
bo-CN	bo	Tibetan	CHN	CN	China	official_regional		2.7215	1.2465	32.2982	0.6642
bo-IN	bo	Tibetan	IND	IN	India			0.1368	0.0207	0.7454	0.0040
bo-NP	bo	Tibetan	NPL	NP	Nepal			0.0667	0.0089	0.1498	0.0012
bpy-IN	bpy	Bishnupriya	IND	IN	India			0.0845	0.0128	0.4608	0.0025
bqi-IR	bqi	Bakhtiari	IRN	IR	Iran			1.0777	0.3384	17.4206	0.1546
bqv-CI	bqv	Koro Wachi	CIV	CI	Côte d’Ivoire			0.0409	0.0011	0.1109	0.0003
br-FR	br	Breton	FRA	FR	France		R1138	0.5284	0.4328	21.0364	0.6976
bra-IN	bra	Braj	IND	IN	India			0.0510	0.0077	0.2778	0.0015
brh-PK	brh	Brahui	PAK	PK	Pakistan			2.3737	0.2587	10.8560	0.0680
brx-IN	brx	Bodo	IND	IN	India			1.7407	0.2628	9.4864	0.0510
bs_Cyrl-BA	bs_Cyrl	Bosnian (Cyrillic)	BIH	BA	Bosnia and Herzegovina	official	R1083	3.8392	2.6068	36.7102	0.7918
bs_Latn-BA	bs_Latn	Bosnian (Latin)	BIH	BA	Bosnia and Herzegovina	official		3.8392	2.6068	36.7102	0.7918
bss-CM	bss	Akoose	CMR	CM	Cameroon		R1244	0.1188	0.0076	0.3398	0.0014
bto-PH	bto	Rinconada Bikol	PHL	PH	Philippines			0.2730	0.1010	1.8006	0.0151
btv-IN	btv	Bateri	IND	IN	India			0.0323	0.0049	0.1762	0.0009
btv-PK	btv	Bateri	PAK	PK	Pakistan			0.0347	0.0038	0.1587	0.0010
bua-RU	bua	Buriat	RUS	RU	Russia			0.3161	0.1941	7.6816	0.1018
buc-YT	buc	Bushi	MYT	YT	Mayotte						0.0040
bug-ID	bug	Buginese	IDN	ID	Indonesia		R1145	3.9673	0.6276	38.2232	0.2827
bug-MY	bug	Buginese	MYS	MY	Malaysia		R1056	0.0237	0.0158	0.5479	0.0052
bum-CM	bum	Bulu	CMR	CM	Cameroon			1.0117	0.0648	2.8944	0.0115
bvb-GQ	bvb	Bube	GNQ	GQ	Equatorial Guinea			0.0598	0.0098	2.0194	0.0012
byn-ER	byn	Blin	ERI	ER	Eritrea		R1224	0.0823	0.0007	0.0984	0.0001
byv-CM	byv	Medumba	CMR	CM	Cameroon		R1242	0.2419	0.0155	0.6921	0.0028
bze-ML	bze	Jenaama Bozo	MLI	ML	Mali			0.1416	0.0033	0.2114	0.0005
ca-AD	ca	Catalan	AND	AD	Andorra	official					0.0192
ca-ES	ca	Catalan	ESP	ES	Spain	official_regional	R1177	7.9237	5.6711	253.0943	4.9310
ca-FR	ca	Catalan	FRA	FR	France			0.1082	0.0887	4.3087	0.1429
ca-IT	ca	Catalan	ITA	IT	Italy			0.0209	0.0122	0.7124	0.0186
cch-NG	cch	Atsam	NGA	NG	Nigeria			0.0355	0.0135	0.2043	0.0004
ccp-BD	ccp	Chakma	BGD	BD	Bangladesh			0.3445	0.0224	1.0912	0.0023
ccp-IN	ccp	Chakma	IND	IN	India			0.3481	0.0526	1.8973	0.0102
ce-RU	ce	Chechen	RUS	RU	Russia	official_regional		0.9484	0.5823	23.0447	0.3055
ceb-PH	ceb	Cebuano	PHL	PH	Philippines	official_regional	R1157	23.3962	8.6566	154.3382	1.2955
cgg-UG	cgg	Chiga	UGA	UG	Uganda			1.9885	0.3221	3.3421	0.0126
ch-GU	ch	Chamorro	GUM	GU	Guam	official					0.0482
ch-MP	ch	Chamorro	MNP	MP	Northern Mariana Islands						0.0026
chk-FM	chk	Chuukese	FSM	FM	Micronesia			0.0312	0.0087	0.0972	0.0028
chm-RU	chm	Mari	RUS	RU	Russia		R1101	0.5317	0.3265	12.9190	0.1713
chp-CA	chp	Chipewyan	CAN	CA	Canada		R1063	0.0008	0.0007	0.0334	0.0018
chr-US	chr	Cherokee	USA	US	United States		R1017	0.0244	0.0205	1.2911	0.1230
cja-KH	cja	Western Cham	KHM	KH	Cambodia			0.2414	0.0145	0.7378	0.0040
cjm-VN	cjm	Eastern Cham	VNM	VN	Vietnam			0.0798	0.0350	0.4227	0.0139
ckb-IQ	ckb	Sorani Kurdish	IRQ	IQ	Iraq	official_regional	R1073	6.9552	0.6399	99.9236	0.1231
ckb-IR	ckb	Sorani Kurdish	IRN	IR	Iran		R1212	3.0021	0.9427	48.5289	0.4307
co-FR	co	Corsican	FRA	FR	France		R1012	0.3629	0.2973	14.4467	0.4790
cps-PH	cps	Capiznon	PHL	PH	Philippines			0.6531	0.2417	4.3086	0.0362
cr_Cans-CA	cr_Cans	Cree (Unified Canadian Aboriginal Syllabics)	CAN	CA	Canada		R1063	0.0386	0.0331	1.6703	0.0884
crj-CA	crj	Southern East Cree	CAN	CA	Canada		R1063	0.0074	0.0063	0.3189	0.0169
crk-CA	crk	Plains Cree	CAN	CA	Canada		R1063	0.0386	0.0331	1.6703	0.0884
crl-CA	crl	Northern East Cree	CAN	CA	Canada		R1063	0.0053	0.0045	0.2278	0.0121
crm-CA	crm	Moose Cree	CAN	CA	Canada		R1063	0.0046	0.0039	0.1974	0.0105
crs-SC	crs	Seselwa Creole French	SYC	SC	Seychelles		R1160	0.0911	0.0459	2.1423	3.2516
cs-CZ	cs	Czech	CZE	CZ	Czech Republic	official		10.3057	7.6376	281.8323	8.4436
csb-PL	csb	Kashubian	POL	PL	Poland	official_regional	R1213	0.0501	0.0315	1.1658	0.0269
csw-CA	csw	Swampy Cree	CAN	CA	Canada		R1063	0.0049	0.0042	0.2126	0.0113
cu-RU	cu	Church Slavic	RUS	RU	Russia		R1279	0.0000	0.0000	0.0000	0.0000
cv-RU	cv	Chuvash	RUS	RU	Russia		R1159	1.8681	1.1470	45.3911	0.6018
cy-AR	cy	Welsh	ARG	AR	Argentina			0.0274	0.0164	0.6124	0.0124
cy-GB	cy	Welsh	GBR	GB	United Kingdom	official_regional		0.4935	0.4434	17.8674	0.9528
da-DE	da	Danish	DEU	DE	Germany		R1209	0.0493	0.0414	2.1428	0.0733
da-DK	da	Danish	DNK	DK	Denmark	official		5.1996	4.9204	224.0156	12.2585
da-GL	da	Danish	GRL	GL	Greenland						0.0031
da-IS	da	Danish	ISL	IS	Iceland			0.0023	0.0022	0.0937	0.0061
dar-RU	dar	Dargwa	RUS	RU	Russia			0.3736	0.2294	9.0782	0.1204
dav-KE	dav	Taita	KEN	KE	Kenya			0.3428	0.1337	1.0313	0.0315
dcc-IN	dcc	Deccan	IND	IN	India			12.3091	1.8587	67.0821	0.3604
de-AT	de	German	AUT	AT	Austria	official		8.2295	6.6345	365.4194	11.0141
de-BE	de	German	BEL	BE	Belgium	official		0.1563	0.1284	6.3694	0.3987
de-BR	de	German	BRA	BR	Brazil			1.6887	0.8714	25.3082	0.6811
de-CA	de	German	CAN	CA	Canada			0.6670	0.5723	28.8498	1.5277
de-CH	de	German	CHE	CH	Switzerland	official		5.8422	5.0652	315.3308	14.9388
de-CZ	de	German	CZE	CZ	Czech Republic			0.0515	0.0382	1.4092	0.0422
de-DE	de	German	DEU	DE	Germany	official		73.5280	61.7351	3196.6116	109.3914
de-DK	de	German	DNK	DK	Denmark	official_regional	R1247	0.0240	0.0228	1.0358	0.0567
de-HU	de	German	HUN	HU	Hungary			0.2470	0.1794	5.7388	0.1467
de-IT	de	German	ITA	IT	Italy		R1251	0.9550	0.5583	32.5670	0.8480
de-KZ	de	German	KAZ	KZ	Kazakhstan			1.0986	0.5932	25.3092	0.1778
de-LI	de	German	LIE	LI	Liechtenstein	official	R1039				0.0907
de-LU	de	German	LUX	LU	Luxembourg	official		0.3383	0.3173	30.5626	0.8444
de-NA	de	German	NAM	NA	Namibia			0.0217	0.0030	0.2225	0.0043
de-PL	de	German	POL	PL	Poland	official_regional	R1277	0.0370	0.0232	0.8609	0.0199
de-PY	de	German	PRY	PY	Paraguay			0.1968	0.0726	1.5870	0.0309
de-RO	de	German	ROU	RO	Romania			0.0447	0.0222	0.7796	0.0217
de-SK	de	German	SVK	SK	Slovakia			0.0152	0.0118	0.4032	0.0078
de-US	de	German	USA	US	United States			1.4870	1.2520	78.8098	7.5099
den-CA	den	Slave	CAN	CA	Canada			0.0023	0.0020	0.1002	0.0053
dgr-CA	dgr	Dogrib	CAN	CA	Canada		R1136	0.0027	0.0023	0.1154	0.0061
dje-NE	dje	Zarma	NER	NE	Niger			2.8222	0.0480	2.7780	0.0072
dnj-CI	dnj	Dan	CIV	CI	Côte d’Ivoire			0.9628	0.0250	2.6089	0.0073
doi-IN	doi	Dogri	IND	IN	India			2.3623	0.3567	12.8743	0.0692
dsb-DE	dsb	Lower Sorbian	DEU	DE	Germany		R1222	0.0069	0.0058	0.3021	0.0103
dtm-ML	dtm	Tomo Kan Dogon	MLI	ML	Mali			0.1854	0.0043	0.2768	0.0006
dtp-MY	dtp	Central Dusun	MYS	MY	Malaysia			0.1677	0.1123	3.8841	0.0370
dua-CM	dua	Duala	CMR	CM	Cameroon		R1245	0.1056	0.0068	0.3020	0.0012
dv-IN	dv	Divehi	IND	IN	India			0.0050	0.0008	0.0271	0.0001
dv-MV	dv	Divehi	MDV	MV	Maldives	official		0.3158	0.1393	3.7647	0.0537
dyo-SN	dyo	Jola-Fonyi	SEN	SN	Senegal		R1281	0.3673	0.0768	0.8238	0.0059
dyu-BF	dyu	Dyula	BFA	BF	Burkina Faso		R1091	5.4198	0.2385	8.8762	0.0191
dz-BT	dz	Dzongkha	BTN	BT	Bhutan	official		0.3544	0.1060	2.5502	0.0129
dz-IN	dz	Dzongkha	IND	IN	India			0.0025	0.0004	0.0136	0.0001
ebu-KE	ebu	Embu	KEN	KE	Kenya			0.6270	0.2445	1.8865	0.0577
ee-GH	ee	Ewe	GHA	GH	Ghana	official_regional		2.8119	0.3459	11.3280	0.0533
ee-TG	ee	Ewe	TGO	TG	Togo			1.1591	0.0522	1.6114	0.0040
efi-NG	efi	Efik	NGA	NG	Nigeria		R1099	2.3699	0.9006	13.6170	0.0300
egl-IT	egl	Emilian	ITA	IT	Italy		R1302	0.0298	0.0174	1.0177	0.0265
el-AL	el	Greek	ALB	AL	Albania			0.0530	0.0318	0.5612	0.0067
el-CY	el	Greek	CYP	CY	Cyprus	official		0.6607	0.4325	19.0050	0.8032
el-DE	el	Greek	DEU	DE	Germany			0.3070	0.2578	13.3485	0.4568
el-EG	el	Greek	EGY	EG	Egypt			0.0511	0.0253	0.5550	0.0076
el-GB	el	Greek	GBR	GB	United Kingdom			0.2179	0.1958	7.8895	0.4207
el-GR	el	Greek	GRC	GR	Greece	official	R1211	10.9524	6.5568	275.1824	5.8320
el-IT	el	Greek	ITA	IT	Italy			0.0209	0.0122	0.7124	0.0186
el-RO	el	Greek	ROU	RO	Romania			0.0040	0.0020	0.0705	0.0020
el-TR	el	Greek	TUR	TR	Turkey			0.0037	0.0017	0.0707	0.0008
el-UA	el	Greek	UKR	UA	Ukraine			0.0073	0.0030	0.0628	0.0019
en-AC	en	English	ASC	AC	Ascension Island		R1020				
en-AG	en	English	ATG	AG	Antigua and Barbuda	official		0.0748	0.0474	1.6512	0.0593
en-AI	en	English	AIA	AI	Anguilla	official					0.0083
en-AS	en	English	ASM	AS	American Samoa	de_facto_official					0.0062
en-AU	en	English	AUS	AU	Australia	de_facto_official	R1001	22.3862	18.5806	1010.4960	46.5549
en-AW	en	English	ABW	AW	Aruba						0.0013
en-BB	en	English	BRB	BB	Barbados	official		0.2790	0.2092	4.4630	0.1741
en-BE	en	English	BEL	BE	Belgium		R1052	5.4694	4.4942	222.9275	13.9558
en-BM	en	English	BMU	BM	Bermuda	official					0.1072
en-BN	en	English	BRN	BN	Brunei			0.0077	0.0050	0.5698	0.0039
en-BS	en	English	BHS	BS	Bahamas	official		0.3560	0.2563	8.7800	0.1293
en-BW	en	English	BWA	BW	Botswana	official	R1009	1.6840	0.2526	25.6681	0.0960
en-BZ	en	English	BLZ	BZ	Belize	official		0.3500	0.1109	2.8030	0.1799
en-CA	en	English	CAN	CA	Canada	official	R1194	29.8392	25.6021	1290.6485	68.3446
en-CC	en	English	CCK	CC	Cocos (Keeling) Islands	de_facto_official					0.0002
en-CK	en	English	COK	CK	Cook Islands	official					0.0090
en-CM	en	English	CMR	CM	Cameroon	official	R1013	3.0792	0.1971	8.8089	0.0351
en-CN	en	English	CHN	CN	China			0.0612	0.0280	0.7267	0.0149
en-CX	en	English	CXR	CX	Christmas Island	official					0.0009
en-DE	en	English	DEU	DE	Germany			35.5520	29.8500	1545.6144	52.8925
en-DG	en	English	DGA	DG	Diego Garcia	de_facto_official	R1065				
en-DM	en	English	DMA	DM	Dominica	official		0.0667	0.0394	0.6900	0.0111
en-DO	en	English	DOM	DO	Dominican Republic			0.0080	0.0037	0.0976	0.0012
en-ER	en	English	ERI	ER	Eritrea	official	R1248	3.7335	0.0336	4.4681	0.0033
en-ES	en	English	ESP	ES	Spain			11.1864	8.0063	357.3096	6.9614
en-ET	en	English	ETH	ET	Ethiopia			38.2055	0.7259	54.5016	0.0430
en-FI	en	English	FIN	FI	Finland		R1110	0.0098	0.0090	0.3929	0.0246
en-FJ	en	English	FJI	FJ	Fiji	official		0.8281	0.3072	6.4916	0.1295
en-FK	en	English	FLK	FK	Falkland Islands	official					0.0029
en-FM	en	English	FSM	FM	Micronesia	official		0.0053	0.0015	0.0165	0.0005
en-FR	en	English	FRA	FR	France			17.1882	14.0805	684.3177	22.6916
en-GB	en	English	GBR	GB	United Kingdom	official		63.4461	57.0026	2297.2356	122.4983
en-GD	en	English	GRD	GD	Grenada	official	R1018	0.1018	0.0356	1.1654	0.0125
en-GG	en	English	GGY	GG	Guernsey	official					0.0082
en-GH	en	English	GHA	GH	Ghana	official	R1225	9.2027	1.1319	37.0735	0.1746
en-GI	en	English	GIB	GI	Gibraltar	official	R1022				
en-GM	en	English	GMB	GM	Gambia	official		0.7504	0.1051	1.2320	0.0114
en-GU	en	English	GUM	GU	Guam	de_facto_official					0.0832
en-GY	en	English	GUY	GY	Guyana	official		0.7960	0.2627	5.2340	0.0453
en-HK	en	English	HKG	HK	Hong Kong SAR China	official		3.6822	2.7322	195.0898	6.1102
en-HN	en	English	HND	HN	Honduras			0.0356	0.0063	0.1636	0.0019
en-IE	en	English	IRL	IE	Ireland	official	R1202	4.4894	3.5129	200.5105	5.8751
en-IL	en	English	ISR	IL	Israel			0.1181	0.0836	3.8627	0.1142
en-IM	en	English	IMN	IM	Isle of Man	official					
en-IN	en	English	IND	IN	India	official	R1033	136.7674	20.6519	745.3567	4.0044
en-IO	en	English	IOT	IO	British Indian Ocean Territory	official	R1179				0.0044
en-IT	en	English	ITA	IT	Italy			14.3244	8.3739	488.5056	12.7206
en-JE	en	English	JEY	JE	Jersey	official					0.0214
en-JM	en	English	JAM	JM	Jamaica	official		2.7283	1.0313	23.1545	0.2102
en-KE	en	English	KEN	KE	Kenya	official		35.5300	13.8567	106.9045	3.2669
en-KI	en	English	KIR	KI	Kiribati	official	R1037	0.1100	0.0127	0.1720	0.0031
en-KN	en	English	KNA	KN	Saint Kitts and Nevis	official		0.0568	0.0455	1.1358	0.0602
en-KY	en	English	CYM	KY	Cayman Islands	official					0.1706
en-LB	en	English	LBN	LB	Lebanon			0.0025	0.0018	0.0433	0.0003
en-LC	en	English	LCA	LC	Saint Lucia	official		0.1521	0.0535	1.6938	0.0012
en-LK	en	English	LKA	LK	Sri Lanka			0.0791	0.0173	0.7583	0.0021
en-LR	en	English	LBR	LR	Liberia	official	R1046	0.8162	0.0375	0.7238	0.0046
en-LS	en	English	LSO	LS	Lesotho	official	R1047	0.0438	0.0022	0.1212	0.0017
en-MG	en	English	MDG	MG	Madagascar	official	R1118	1.1485	0.0253	1.6054	0.0084
en-MH	en	English	MHL	MH	Marshall Islands	official		0.0502	0.0059	0.1581	0.0029
en-MO	en	English	MAC	MO	Macau SAR China		R1273				0.0076
en-MP	en	English	MNP	MP	Northern Mariana Islands	de_facto_official					0.0139
en-MS	en	English	MSR	MS	Montserrat	official					0.0022
en-MT	en	English	MLT	MT	Malta	official		0.3705	0.2553	11.3344	0.5324
en-MU	en	English	MUS	MU	Mauritius	official	R1152	0.9374	0.3656	16.0524	1.3023
en-MW	en	English	MWI	MW	Malawi	official		10.7799	0.5821	8.0634	0.0951
en-MY	en	English	MYS	MY	Malaysia			8.6849	5.8163	201.1423	1.9139
en-NA	en	English	NAM	NA	Namibia	official		0.1522	0.0212	1.5572	0.0298
en-NF	en	English	NFK	NF	Norfolk Island	official					0.0023
en-NG	en	English	NGA	NG	Nigeria	official		126.9615	48.2454	729.4845	1.6056
en-NL	en	English	NLD	NL	Netherlands		R1070	12.4335	11.6821	577.4116	34.4140
en-NR	en	English	NRU	NR	Nauru	official					0.0099
en-NU	en	English	NIU	NU	Niue	official					0.0029
en-NZ	en	English	NZL	NZ	New Zealand	de_facto_official	R1203	4.0786	3.3763	137.1343	6.1885
en-PA	en	English	PAN	PA	Panama			0.5209	0.2235	9.9392	0.2685
en-PG	en	English	PNG	PG	Papua New Guinea	official	R1156	1.4692	0.0955	3.3648	0.0113
en-PH	en	English	PHL	PH	Philippines	official	R1157	62.3898	23.0842	411.5686	3.4546
en-PK	en	English	PAK	PK	Pakistan	official	R1106	91.2945	9.9511	417.5375	2.6136
en-PM	en	English	SPM	PM	Saint Pierre and Miquelon						0.0002
en-PN	en	English	PCN	PN	Pitcairn Islands	official					0.0010
en-PR	en	English	PRI	PR	Puerto Rico	de_facto_official	R1072				0.5072
en-PW	en	English	PLW	PW	Palau	official	R1059	0.0016		0.0234	0.0006
en-RW	en	English	RWA	RW	Rwanda	official	R1054	0.0003	0.0000	0.0004	0.0000
en-SB	en	English	SLB	SB	Solomon Islands	official	R1045	0.5620	0.0450	1.0280	0.0125
en-SC	en	English	SYC	SC	Seychelles	official		0.0042	0.0021	0.0984	0.1493
en-SD	en	English	SDN	SD	Sudan	official	R1235	20.9730	4.7609	92.8810	0.7397
en-SG	en	English	SGP	SG	Singapore	official	R1131	5.0211	3.6654	395.4834	5.6133
en-SH	en	English	SHN	SH	Saint Helena	official					0.0007
en-SL	en	English	SLE	SL	Sierra Leone	official		2.1364	0.0363	4.1097	0.0170
en-SS	en	English	SSD	SS	South Sudan	official	R1237	2.9381		7.0535	
en-SX	en	English	SXM	SX	Sint Maarten	official	R1238				0.0164
en-SZ	en	English	SWZ	SZ	Swaziland	official	R1071	0.8744	0.2160	6.6824	0.0363
en-TA	en	English	TAA	TA	Tristan da Cunha						
en-TC	en	English	TCA	TC	Turks and Caicos Islands	official					0.0110
en-TK	en	English	TKL	TK	Tokelau	official					0.0041
en-TO	en	English	TON	TO	Tonga	official	R1078	0.0291	0.0102	0.1408	0.0030
en-TT	en	English	TTO	TT	Trinidad and Tobago	official		1.3306	0.8489	40.1821	0.5152
en-TV	en	English	TUV	TV	Tuvalu	official	R1080	0.0011	0.0004	0.0034	0.0009
en-TZ	en	English	TZA	TZ	Tanzania	official	R1081	31.9311	1.4050	58.5700	0.5854
en-UG	en	English	UGA	UG	Uganda	official	R1082	1.4361	0.2327	2.4137	0.0091
en-UM	en	English	UMI	UM	U.S. Outlying Islands	de_facto_official	R1190				0.0010
en-US	en	English	USA	US	United States	de_facto_official		303.7181	255.7306	16097.3280	1533.9442
en-VC	en	English	VCT	VC	St. Vincent & Grenadines	official		0.1056	0.0549	1.1126	0.0226
en-VG	en	English	VGB	VG	British Virgin Islands	official					0.0806
en-VI	en	English	VIR	VI	U.S. Virgin Islands	de_facto_official					0.0743
en-VU	en	English	VUT	VU	Vanuatu	official		0.1968	0.0222	0.4832	0.0119
en-WS	en	English	WSM	WS	Samoa	official		0.0042	0.0006	0.0211	0.0005
en-ZA	en	English	ZAF	ZA	South Africa	official	R1265	29.1401	14.2495	364.4410	14.5471
en-ZM	en	English	ZMB	ZM	Zambia	official		11.7766	1.8136	46.2308	0.7325
en-ZW	en	English	ZWE	ZW	Zimbabwe	official	R1171	11.9365	2.2082	23.3260	0.0818
eo-SM	eo	Esperanto	SMR	SM	San Marino		R1268			0.0182	0.0003
es-AD	es	Spanish	AND	AD	Andorra						0.0162
es-AR	es	Spanish	ARG	AR	Argentina	official		41.4920	24.8537	927.8750	18.8008
es-BO	es	Spanish	BOL	BO	Bolivia	official	R1191	6.7326	2.6594	39.9086	0.6938
es-BZ	es	Spanish	BLZ	BZ	Belize			0.0980	0.0311	0.7848	0.0504
es-CL	es	Spanish	CHL	CL	Chile	official	R1192	17.2059	11.4419	387.7047	9.9204
es-CO	es	Spanish	COL	CO	Colombia	official	R1014	43.8225	22.6562	559.8572	16.0501
es-CR	es	Spanish	CRI	CR	Costa Rica	official	R1193	4.4773	2.0578	64.2238	2.4436
es-CU	es	Spanish	CUB	CU	Cuba	official					0.2583
es-CW	es	Spanish	CUW	CW	Curaçao		R1221				0.0076
es-DE	es	Spanish	DEU	DE	Germany			0.1293	0.1085	5.6204	0.1923
es-DO	es	Spanish	DOM	DO	Dominican Republic	official		8.1237	3.7288	98.8900	1.2161
es-EA	es	Spanish		EA	Ceuta and Melilla	official	R1067				
es-EC	es	Spanish	ECU	EC	Ecuador	official	R1210	15.1440	6.1112	165.1882	2.4660
es-ES	es	Spanish	ESP	ES	Spain	official	R1176	46.1439	33.0261	1473.9021	28.7160
es-GQ	es	Spanish	GNQ	GQ	Equatorial Guinea	official	R1142	0.6586	0.1080	22.2389	0.0137
es-GT	es	Spanish	GTM	GT	Guatemala	official	R1227	14.3983	2.8365	104.9626	0.5574
es-HN	es	Spanish	HND	HN	Honduras	official		6.3164	1.1243	29.0074	0.3383
es-IC	es	Spanish		IC	Canary Islands	official	R1075				
es-MA	es	Spanish	MAR	MA	Morocco			0.0214	0.0120	0.1571	0.0042
es-MX	es	Spanish	MEX	MX	Mexico	de_facto_official		98.2695	42.7079	1708.8870	23.8908
es-NI	es	Spanish	NIC	NI	Nicaragua	official		4.7939	0.7431	22.0186	0.3090
es-PA	es	Spanish	PAN	PA	Panama	official		2.5675	1.1015	48.9859	1.3232
es-PE	es	Spanish	PER	PE	Peru	official		22.5906	8.8555	261.0787	2.2993
es-PH	es	Spanish	PHL	PH	Philippines			30.2200	11.1814	199.3536	1.6733
es-PR	es	Spanish	PRI	PR	Puerto Rico	official					0.9006
es-PY	es	Spanish	PRY	PY	Paraguay	official		0.2172	0.0801	1.7511	0.0341
es-SV	es	Spanish	SLV	SV	El Salvador	official		5.6292	1.3009	43.8120	0.5710
es-SX	es	Spanish	SXM	SX	Sint Maarten		R1238				0.0029
es-TT	es	Spanish	TTO	TT	Trinidad and Tobago			0.0044	0.0028	0.1339	0.0017
es-US	es	Spanish	USA	US	United States	official_regional		30.3718	25.5731	1609.7328	153.3944
es-UY	es	Spanish	URY	UY	Uruguay	official		2.9850	1.7343	58.7470	2.1447
es-VE	es	Spanish	VEN	VE	Venezuela	official		24.5877	13.4986	453.7150	5.5576
esu-US	esu	Central Yupik	USA	US	United States			0.0196	0.0165	1.0396	0.0991
et-EE	et	Estonian	EST	EE	Estonia	official		0.9372	0.7498	24.4190	0.9620
et-FI	et	Estonian	FIN	FI	Finland			0.0060	0.0055	0.2401	0.0151
eu-ES	eu	Basque	ESP	ES	Spain	official_regional	R1177	0.9322	0.6672	29.7758	0.5801
eu-FR	eu	Basque	FRA	FR	France			0.0828	0.0678	3.2949	0.1093
ewo-CM	ewo	Ewondo	CMR	CM	Cameroon		R1025	0.6818	0.0436	1.9506	0.0078
ext-ES	ext	Extremaduran	ESP	ES	Spain			0.2284	0.1635	7.2951	0.1421
fa-AE	fa	Persian	ARE	AE	United Arab Emirates			0.1716	0.1510	10.8409	0.0713
fa-AF	fa	Persian	AFG	AF	Afghanistan	official		15.2760	0.9013	29.3845	0.0805
fa-IQ	fa	Persian	IRQ	IQ	Iraq			0.3026	0.0278	4.3467	0.0054
fa-IR	fa	Persian	IRN	IR	Iran	official		57.7335	18.1283	933.2475	8.2823
fa-OM	fa	Persian	OMN	OM	Oman			0.0338	0.0224	1.4630	0.0085
fa-PK	fa	Persian	PAK	PK	Pakistan			1.2051	0.1314	5.5115	0.0345
fa-QA	fa	Persian	QAT	QA	Qatar			0.2249	0.1919	32.8227	0.0900
fa-TJ	fa	Persian	TJK	TJ	Tajikistan			0.0634	0.0101	0.1608	0.0006
fan-GQ	fan	Fang	GNQ	GQ	Equatorial Guinea			0.3861	0.0633	13.0366	0.0080
ff-CM	ff	Fulah	CMR	CM	Cameroon		R1216	0.7918	0.0507	2.2652	0.0090
ff-GN	ff	Fulah	GIN	GN	Guinea			2.8925	0.0463	3.8220	0.0068
ff-MR	ff	Fulah	MRT	MR	Mauritania			0.2118	0.0131	0.6748	0.0025
ff-SN	ff	Fulah	SEN	SN	Senegal			2.9663	0.6199	6.6534	0.0479
ffm-ML	ffm	Maasina Fulfulde	MLI	ML	Mali			1.2978	0.0298	1.9378	0.0044
fi-FI	fi	Finnish	FIN	FI	Finland	official		5.1239	4.6891	205.1982	12.8703
fi-RU	fi	Finnish	RUS	RU	Russia			0.0172	0.0106	0.4190	0.0056
fi-SE	fi	Finnish	SWE	SE	Sweden	official_regional		0.2120	0.2009	9.2008	0.5879
fil-PH	fil	Filipino	PHL	PH	Philippines	official	R1028	58.4904	21.6414	385.8456	3.2387
fil-US	fil	Filipino	USA	US	United States			1.3288	1.1188	70.4258	6.7110
fit-SE	fit	Tornedalen Finnish	SWE	SE	Sweden			0.0530	0.0502	2.3002	0.1470
fj-FJ	fj	Fijian	FJI	FJ	Fiji	official		0.3436	0.1275	2.6933	0.0537
fo-FO	fo	Faroese	FRO	FO	Faroe Islands	official					0.0406
fon-BJ	fon	Fon	BEN	BJ	Benin			2.5802	0.1264	4.6262	0.0161
fr-AD	fr	French	AND	AD	Andorra						0.0026
fr-BE	fr	French	BEL	BE	Belgium	official		4.2416	3.4853	172.8825	10.8229
fr-BF	fr	French	BFA	BF	Burkina Faso	official		3.7261	0.1640	6.1024	0.0131
fr-BI	fr	French	BDI	BI	Burundi	official		5.3011	0.0689	4.6516	0.0123
fr-BJ	fr	French	BEN	BJ	Benin	official		3.6123	0.1770	6.4767	0.0225
fr-BL	fr	French	BLM	BL	Saint Barthélemy	official					0.0048
fr-CA	fr	French	CAN	CA	Canada	official		7.7231	6.6264	334.0502	17.6892
fr-CD	fr	French	COD	CD	Congo - Kinshasa	official	R1002	2.9257	0.0644	1.9174	0.0052
fr-CF	fr	French	CAF	CF	Central African Republic	official		2.2594	0.0791	1.3647	0.0040
fr-CG	fr	French	COG	CG	Congo - Brazzaville	official		3.5129	0.2319	21.8938	0.0712
fr-CH	fr	French	CHE	CH	Switzerland	official	R1137	1.6806	1.4571	90.7116	4.2975
fr-CI	fr	French	CIV	CI	Côte d’Ivoire	official		11.7938	0.3066	31.9588	0.0896
fr-CM	fr	French	CMR	CM	Cameroon	official		14.9559	0.9572	42.7863	0.1706
fr-DJ	fr	French	DJI	DJ	Djibouti	official		0.0192	0.0018	0.0559	0.0011
fr-DZ	fr	French	DZA	DZ	Algeria	official	R1124	7.5800	1.2507	104.5128	0.7411
fr-FR	fr	French	FRA	FR	France	official		63.0234	51.6286	2509.1649	83.2024
fr-GA	fr	French	GAB	GA	Gabon	official		0.9847	0.0906	20.2054	0.2131
fr-GB	fr	French	GBR	GB	United Kingdom			0.0154	0.0138	0.5569	0.0297
fr-GF	fr	French	GUF	GF	French Guiana	official	R1019				0.0306
fr-GN	fr	French	GIN	GN	Guinea	official	R1040	3.2262	0.0516	4.2630	0.0076
fr-GP	fr	French	GLP	GP	Guadeloupe	official	R1023				0.0990
fr-GQ	fr	French	GNQ	GQ	Equatorial Guinea	official	R1084	0.0666	0.0109	2.2495	0.0014
fr-HT	fr	French	HTI	HT	Haiti	official	R1030	0.4849	0.0514	0.8258	0.0075
fr-IT	fr	French	ITA	IT	Italy	official_regional	R1252	3.7602	2.1982	128.2327	3.3392
fr-KM	fr	French	COM	KM	Comoros	official		0.3970	0.0258	0.6418	0.0031
fr-LB	fr	French	LBN	LB	Lebanon			0.0165	0.0117	0.2864	0.0019
fr-LU	fr	French	LUX	LU	Luxembourg	official		0.4672	0.4381	42.2054	1.1661
fr-MA	fr	French	MAR	MA	Morocco	de_facto_official	R1050	6.5706	3.6795	48.3354	1.2953
fr-MC	fr	French	MCO	MC	Monaco	official					0.0581
fr-MF	fr	French	MAF	MF	Saint Martin	official					0.0087
fr-MG	fr	French	MDG	MG	Madagascar	official		15.8493	0.3487	22.1545	0.1163
fr-ML	fr	French	MLI	ML	Mali	official		7.7528	0.1783	11.5764	0.0264
fr-MQ	fr	French	MTQ	MQ	Martinique	official					0.0843
fr-MR	fr	French	MRT	MR	Mauritania		R1135	0.6316	0.0392	2.0126	0.0075
fr-MU	fr	French	MUS	MU	Mauritius	official		0.0391	0.0152	0.6689	0.0543
fr-NC	fr	French	NCL	NC	New Caledonia	official					0.1534
fr-NE	fr	French	NER	NE	Niger	official	R1041	4.8143	0.0818	4.7389	0.0122
fr-PF	fr	French	PYF	PF	French Polynesia	official					0.0784
fr-PM	fr	French	SPM	PM	Saint Pierre and Miquelon	official					0.0046
fr-RE	fr	French	REU	RE	Réunion	official	R1130				0.2037
fr-RW	fr	French	RWA	RW	Rwanda	official		0.0021	0.0002	0.0033	0.0001
fr-SC	fr	French	SYC	SC	Seychelles	official	R1161	0.0558	0.0281	1.3116	1.9908
fr-SN	fr	French	SEN	SN	Senegal	official	R1069	5.5088	1.1513	12.3564	0.0889
fr-SY	fr	French	SYR	SY	Syria	official	R1088				0.0499
fr-TD	fr	French	TCD	TD	Chad	official	R1239	2.8623	0.0658	6.9623	0.0028
fr-TF	fr	French	ATF	TF	French Southern Territories		R1184				0.0010
fr-TG	fr	French	TGO	TG	Togo	official		4.1590	0.1872	5.7822	0.0142
fr-TN	fr	French	TUN	TN	Tunisia	official	R1132	8.0564	3.5287	88.6032	2.7033
fr-US	fr	French	USA	US	United States			1.7717	1.4918	93.9011	8.9480
fr-VU	fr	French	VUT	VU	Vanuatu	official		0.1330	0.0150	0.3265	0.0081
fr-WF	fr	French	WLF	WF	Wallis and Futuna	official	R1168				0.0023
fr-YT	fr	French	MYT	YT	Mayotte	official	R1170				0.0099
frc-US	frc	Cajun French	USA	US	United States			0.0266	0.0224	1.4085	0.1342
frp-FR	frp	Arpitan	FRA	FR	France			0.0598	0.0490	2.3824	0.0790
frr-DE	frr	Northern Frisian	DEU	DE	Germany		R1095	0.0097	0.0081	0.4215	0.0144
frs-DE	frs	Eastern Frisian	DEU	DE	Germany		R1300	0.0020	0.0017	0.0878	0.0030
fud-WF	fud	East Futuna	WLF	WF	Wallis and Futuna						0.0014
fuq-NE	fuq	Central-Eastern Niger Fulfulde	NER	NE	Niger			1.1621	0.0198	1.1439	0.0030
fur-IT	fur	Friulian	ITA	IT	Italy		R1296	0.0358	0.0209	1.2213	0.0318
fuv-NG	fuv	Nigerian Fulfulde	NGA	NG	Nigeria			11.3419	4.3099	65.1673	0.1434
fy-NL	fy	Western Frisian	NLD	NL	Netherlands	official_regional		0.7225	0.6788	33.5523	1.9997
ga-GB	ga	Irish	GBR	GB	United Kingdom	official_regional	R1139	0.0167	0.0150	0.6033	0.0322
ga-IE	ga	Irish	IRL	IE	Ireland	official	R1043	0.5254	0.4111	23.4640	0.6875
gaa-GH	gaa	Ga	GHA	GH	Ghana	official_regional		0.7158	0.0880	2.8835	0.0136
gag-MD	gag	Gagauz	MDA	MD	Moldova		R1128	0.1174	0.0573	0.5481	0.0346
gan-CN	gan	Gan Chinese	CHN	CN	China			23.1329	10.5949	274.5345	5.6455
gbm-IN	gbm	Garhwali	IND	IN	India			3.3570	0.5069	18.2951	0.0983
gbz-IR	gbz	Zoroastrian Dari	IRN	IR	Iran			0.0076	0.0024	0.1232	0.0011
gcr-GF	gcr	Guianese Creole French	GUF	GF	French Guiana						0.0103
gd-GB	gd	Scottish Gaelic	GBR	GB	United Kingdom	official_regional	R1017	0.0634	0.0570	2.2972	0.1225
ggn-NP	ggn	Eastern Gurung	NPL	NP	Nepal			0.1167	0.0155	0.2621	0.0021
gil-KI	gil	Gilbertese	KIR	KI	Kiribati	official		0.0660	0.0076	0.1032	0.0018
gjk-PK	gjk	Kachi Koli	PAK	PK	Pakistan			0.2008	0.0219	0.9186	0.0057
gju-PK	gju	Gujari	PAK	PK	Pakistan			0.3652	0.0398	1.6702	0.0105
gl-ES	gl	Galician	ESP	ES	Spain	official_regional	R1177	3.2627	2.3352	104.2153	2.0304
gl-PT	gl	Galician	PRT	PT	Portugal			0.0147	0.0091	0.3763	0.0088
glk-IR	glk	Gilaki	IRN	IR	Iran			3.5410	1.1119	57.2392	0.5080
gn-AR	gn	Guarani	ARG	AR	Argentina			0.0195	0.0117	0.4361	0.0088
gn-BO	gn	Guarani	BOL	BO	Bolivia			0.0497	0.0196	0.2944	0.0051
gn-PY	gn	Guarani	PRY	PY	Paraguay	official		5.4288	2.0032	43.7784	0.8526
gom-IN	gom	Goan Konkani	IND	IN	India			3.9787	0.6008	21.6831	0.1165
gon_Telu-IN	gon_Telu	Gondi (Telugu)	IND	IN	India			2.9840	0.4506	16.2623	0.0874
gor-ID	gor	Gorontalo	IDN	ID	Indonesia			1.0166	0.1608	9.7947	0.0724
gos-NL	gos	Gronings	NLD	NL	Netherlands			0.6049	0.5683	28.0903	1.6742
grt-BD	grt	Garo	BGD	BD	Bangladesh			0.1143	0.0074	0.3621	0.0008
grt-IN	grt	Garo	IND	IN	India			0.6590	0.0995	3.5913	0.0193
gsw-CH	gsw	Swiss German	CHE	CH	Switzerland	de_facto_official	R1006	0.9604	0.8326	51.8352	2.4557
gsw-FR	gsw	Swiss German	FRA	FR	France		R1125	0.5793	0.4746	23.0640	0.7648
gsw-LI	gsw	Swiss German	LIE	LI	Liechtenstein	de_facto_official					0.0771
gu-IN	gu	Gujarati	IND	IN	India	official_regional	R1195	55.9503	8.4485	304.9187	1.6381
gu-KE	gu	Gujarati	KEN	KE	Kenya			0.0046	0.0018	0.0138	0.0004
gub-BR	gub	Guajajára	BRA	BR	Brazil			0.0169	0.0087	0.2531	0.0068
guc-CO	guc	Wayuu	COL	CO	Colombia			0.1272	0.0658	1.6254	0.0466
gur-GH	gur	Farefare	GHA	GH	Ghana			0.8947	0.1100	3.6044	0.0170
guz-KE	guz	Gusii	KEN	KE	Kenya			2.0482	0.7988	6.1627	0.1883
gv-IM	gv	Manx	IMN	IM	Isle of Man	official					
gvr-NP	gvr	Western Gurung	NPL	NP	Nepal			0.0806	0.0107	0.1810	0.0014
gwi-CA	gwi	Gwichʼin	CAN	CA	Canada		R1173	0.0006	0.0005	0.0243	0.0013
ha_Arab-CM	ha_Arab	Hausa (Arabic)	CMR	CM	Cameroon			0.0308	0.0020	0.0881	0.0004
ha_Arab-NG	ha_Arab	Hausa (Arabic)	NGA	NG	Nigeria		R1153	1.6928	0.6433	9.7265	0.0214
ha_Arab-SD	ha_Arab	Hausa (Arabic)	SDN	SD	Sudan		R1234	0.4813	0.1093	2.1317	0.0170
ha_Latn-GH	ha_Latn	Hausa (Latin)	GHA	GH	Ghana		R1141	0.2224	0.0274	0.8959	0.0042
ha_Latn-NE	ha_Latn	Hausa (Latin)	NER	NE	Niger			6.8064	0.1157	6.6998	0.0173
ha_Latn-NG	ha_Latn	Hausa (Latin)	NGA	NG	Nigeria			22.0067	8.3625	126.4440	0.2783
hak-CN	hak	Hakka Chinese	CHN	CN	China			31.2975	14.3342	371.4291	7.6381
haw-US	haw	Hawaiian	USA	US	United States	official_regional	R1166	0.0282	0.0237	1.4924	0.1422
haz-AF	haz	Hazaragi	AFG	AF	Afghanistan			1.8026	0.1064	3.4674	0.0095
he-IL	he	Hebrew	ISR	IL	Israel	official		7.8710	5.5727	257.5110	7.6109
hi-FJ	hi	Hindi	FJI	FJ	Fiji		R1097	0.3876	0.1438	3.0386	0.0606
hi-IN	hi	Hindi	IND	IN	India	official	R1066	509.7694	76.9752	2778.1477	14.9254
hi-NP	hi	Hindi	NPL	NP	Nepal			0.1167	0.0155	0.2621	0.0021
hi-UG	hi	Hindi	UGA	UG	Uganda			0.0022	0.0004	0.0038	0.0000
hi-ZA	hi	Hindi	ZAF	ZA	South Africa			1.0596	0.5182	13.2524	0.5290
hif_Deva-FJ	hif_Deva	hif (Devanagari)	FJI	FJ	Fiji	official	R1299	0.3612	0.1340	2.8315	0.0565
hil-PH	hil	Hiligaynon	PHL	PH	Philippines	official_regional	R1157	8.1887	3.0298	54.0184	0.4534
hnd-PK	hnd	Southern Hindko	PAK	PK	Pakistan			0.7486	0.0816	3.4238	0.0214
hne-IN	hne	Chhattisgarhi	IND	IN	India			13.6767	2.0652	74.5357	0.4004
hnn-PH	hnn	Hanunoo	PHL	PH	Philippines			0.0156	0.0058	0.1029	0.0009
hno-PK	hno	Northern Hindko	PAK	PK	Pakistan			2.1911	0.2388	10.0209	0.0627
ho-PG	ho	Hiri Motu	PNG	PG	Papua New Guinea	official	R1058	0.1543	0.0100	0.3533	0.0012
hoc-IN	hoc	Ho	IND	IN	India		R1195	1.2309	0.1859	6.7082	0.0360
hoj-IN	hoj	Hadothi	IND	IN	India			1.0195	0.1540	5.5563	0.0299
hr-AT	hr	Croatian	AUT	AT	Austria	official_regional		0.1018	0.0821	4.5207	0.1363
hr-BA	hr	Croatian	BIH	BA	Bosnia and Herzegovina	official		0.4654	0.3160	4.4497	0.0960
hr-DE	hr	Croatian	DEU	DE	Germany			0.6383	0.5359	27.7508	0.9497
hr-HR	hr	Croatian	HRV	HR	Croatia	official		4.2382	2.8289	85.7043	2.2845
hr-HU	hr	Croatian	HUN	HU	Hungary			0.0316	0.0230	0.7346	0.0188
hr-IT	hr	Croatian	ITA	IT	Italy			0.0034	0.0020	0.1160	0.0030
hr-RS	hr	Croatian	SRB	RS	Serbia	official_regional	R1259	0.0670	0.0345	0.8345	0.0207
hsb-DE	hsb	Upper Sorbian	DEU	DE	Germany		R1292	0.0129	0.0109	0.5620	0.0192
hsn-CN	hsn	Xiang Chinese	CHN	CN	China			39.4620	18.0736	468.3236	9.6306
ht-HT	ht	Haitian	HTI	HT	Haiti	official	R1029	8.3568	0.8858	14.2325	0.1297
hu-AT	hu	Hungarian	AUT	AT	Austria	official_regional		0.0229	0.0185	1.0171	0.0307
hu-HU	hu	Hungarian	HUN	HU	Hungary	official		9.8790	7.1765	229.5530	5.8665
hu-IL	hu	Hungarian	ISR	IL	Israel			0.0787	0.0557	2.5751	0.0761
hu-RO	hu	Hungarian	ROU	RO	Romania			1.4049	0.6991	24.5014	0.6830
hu-RS	hu	Hungarian	SRB	RS	Serbia	official_regional	R1259	0.3456	0.1780	4.3072	0.1069
hu-SI	hu	Hungarian	SVN	SI	Slovenia			0.0095	0.0069	0.2700	0.0119
hu-SK	hu	Hungarian	SVK	SK	Slovakia			0.5952	0.4636	15.8414	0.3046
hu-UA	hu	Hungarian	UKR	UA	Ukraine			0.1679	0.0702	1.4523	0.0440
hy-AM	hy	Armenian	ARM	AM	Armenia	official		3.2213	1.4914	22.6615	0.6037
hy-CY	hy	Armenian	CYP	CY	Cyprus			0.0020	0.0013	0.0583	0.0025
hy-GE	hy	Armenian	GEO	GE	Georgia		R1038	0.3139	0.1353	2.2460	0.0828
hy-IR	hy	Armenian	IRN	IR	Iran			0.1847	0.0580	2.9864	0.0265
hy-LB	hy	Armenian	LBN	LB	Lebanon			0.2323	0.1638	4.0250	0.0272
hy-RU	hy	Armenian	RUS	RU	Russia		R1278	1.2071	0.7411	29.3296	0.3888
hy-SY	hy	Armenian	SYR	SY	Syria						0.0152
hy-TR	hy	Armenian	TUR	TR	Turkey			0.0428	0.0198	0.8084	0.0091
ia-FR	ia	Interlingua	FRA	FR	France		R1220	0.0001	0.0001	0.0051	0.0002
ia-SE	ia	Interlingua	SWE	SE	Sweden		R1215	0.0000	0.0000	0.0000	0.0000
ibb-NG	ibb	Ibibio	NGA	NG	Nigeria			2.3699	0.9006	13.6170	0.0300
id-ID	id	Indonesian	IDN	ID	Indonesia	official		158.6906	25.1048	1528.9280	11.3080
id-NL	id	Indonesian	NLD	NL	Netherlands			0.3024	0.2842	14.0451	0.8371
ig-NG	ig	Igbo	NGA	NG	Nigeria			22.0067	8.3625	126.4440	0.2783
ii-CN	ii	Sichuan Yi	CHN	CN	China			8.1646	3.7394	96.8945	1.9925
ik-US	ik	Inupiaq	USA	US	United States		R1017	0.0079	0.0067	0.4192	0.0399
ikt-CA	ikt	Inuinnaqtun	CAN	CA	Canada	official_regional	R1207	0.0039	0.0033	0.1670	0.0088
ilo-PH	ilo	Iloko	PHL	PH	Philippines	official_regional	R1157	9.3585	3.4626	61.7353	0.5182
inh-RU	inh	Ingush	RUS	RU	Russia	official_regional		0.2299	0.1412	5.5866	0.0741
is-IS	is	Icelandic	ISL	IS	Iceland	official	R1035	0.3220	0.3109	13.1960	0.8585
it-AU	it	Italian	AUS	AU	Australia			0.4431	0.3677	19.9994	0.9214
it-BR	it	Italian	BRA	BR	Brazil			0.5629	0.2905	8.4361	0.2270
it-CA	it	Italian	CAN	CA	Canada		R1207	0.7021	0.6024	30.3682	1.6081
it-CH	it	Italian	CHE	CH	Switzerland	official		0.3441	0.2984	18.5743	0.8800
it-DE	it	Italian	DEU	DE	Germany			0.5333	0.4477	23.1842	0.7934
it-FR	it	Italian	FRA	FR	France			1.0822	0.8866	43.0867	1.4287
it-GB	it	Italian	GBR	GB	United Kingdom			0.2179	0.1958	7.8895	0.4207
it-HR	it	Italian	HRV	HR	Croatia	official_regional		0.0685	0.0457	1.3851	0.0369
it-IT	it	Italian	ITA	IT	Italy	official		56.7007	33.1469	1933.6680	50.3523
it-SI	it	Italian	SVN	SI	Slovenia			0.0041	0.0030	0.1174	0.0052
it-SM	it	Italian	SMR	SM	San Marino	official				1.7569	0.0271
it-US	it	Italian	USA	US	United States			1.0757	0.9057	57.0114	5.4327
it-VA	it	Italian	VAT	VA	Vatican City		R1077				0.0173
iu_Cans-CA	iu_Cans	Inuktitut (Unified Canadian Aboriginal Syllabics)	CAN	CA	Canada	official_regional	R1207	0.0147	0.0127	0.6377	0.0338
iu_Latn-CA	iu_Latn	Inuktitut (Latin)	CAN	CA	Canada	official_regional	R1207	0.0147	0.0127	0.6377	0.0338
izh-RU	izh	Ingrian	RUS	RU	Russia			0.0001	0.0001	0.0035	0.0000
ja-BR	ja	Japanese	BRA	BR	Brazil			0.4222	0.2178	6.3270	0.1703
ja-JP	ja	Japanese	JPN	JP	Japan	official		120.9740	104.3400	4434.1725	192.5204
jam-JM	jam	Jamaican Creole English	JAM	JM	Jamaica			2.6448	0.9997	22.4456	0.2038
jgo-CM	jgo	Ngomba	CMR	CM	Cameroon		R1267	0.0748	0.0048	0.2139	0.0009
jmc-TZ	jmc	Machame	TZA	TZ	Tanzania			0.3471	0.0153	0.6366	0.0064
jml-NP	jml	Jumli	NPL	NP	Nepal			0.8893	0.1183	1.9968	0.0158
jut-DK	jut	Jutish	DNK	DK	Denmark		R1298	0.0000	0.0000	0.0000	0.0000
jv-ID	jv	Javanese	IDN	ID	Indonesia		R1294	84.3044	13.3369	812.2430	6.0074
jv-MY	jv	Javanese	MYS	MY	Malaysia			0.3594	0.2407	8.3231	0.0792
ka-GE	ka	Georgian	GEO	GE	Georgia	official		3.8562	1.6620	27.5940	1.0176
ka-IR	ka	Georgian	IRN	IR	Iran			0.0547	0.0172	0.8835	0.0078
ka-TR	ka	Georgian	TUR	TR	Turkey			0.0428	0.0198	0.8084	0.0091
kaa-UZ	kaa	Kara-Kalpak	UZB	UZ	Uzbekistan			0.4839	0.1848	2.5044	0.0038
kab-DZ	kab	Kabyle	DZA	DZ	Algeria		R1293	2.9562	0.4878	40.7600	0.2890
kaj-NG	kaj	Jju	NGA	NG	Nigeria			0.3555	0.1351	2.0426	0.0045
kam-KE	kam	Kamba	KEN	KE	Kenya			3.1768	1.2390	9.5585	0.2921
kao-ML	kao	Xaasongaxango	MLI	ML	Mali			0.1685	0.0039	0.2517	0.0006
kbd-RU	kbd	Kabardian	RUS	RU	Russia	official_regional		0.4455	0.2735	10.8240	0.1435
kbd-TR	kbd	Kabardian	TUR	TR	Turkey			0.5889	0.2724	11.1152	0.1254
kcg-NG	kcg	Tyap	NGA	NG	Nigeria			0.1574	0.0598	0.9046	0.0020
kck-ZW	kck	Kalanga	ZWE	ZW	Zimbabwe			0.6952	0.1286	1.3585	0.0048
kde-TZ	kde	Makonde	TZA	TZ	Tanzania			1.1106	0.0489	2.0372	0.0204
kdt-KH	kdt	Kuy	KHM	KH	Cambodia			0.0166	0.0010	0.0507	0.0003
kdt-LA	kdt	Kuy	LAO	LA	Laos		R1231	0.0650	0.0081	0.3032	0.0006
kdt-TH	kdt	Kuy	THA	TH	Thailand			0.3275	0.0948	4.6296	0.0415
kea-CV	kea	Kabuverdianu	CPV	CV	Cape Verde		R1031	0.4659	0.1747	2.9111	0.0179
kfo-CI	kfo	Koro	CIV	CI	Côte d’Ivoire			0.0554	0.0014	0.1500	0.0004
kfr-IN	kfr	Kachchi	IND	IN	India			0.9325	0.1408	5.0820	0.0273
kfy-IN	kfy	Kumaoni	IND	IN	India			2.7353	0.4130	14.9071	0.0801
kg-CD	kg	Kongo	COD	CD	Congo - Kinshasa	official_regional		1.1549	0.0254	0.7569	0.0021
kge-ID	kge	Komering	IDN	ID	Indonesia			0.7935	0.1255	7.6446	0.0565
kgp-BR	kgp	Kaingang	BRA	BR	Brazil			0.0201	0.0104	0.3013	0.0081
kha-IN	kha	Khasi	IND	IN	India	official_regional		0.9947	0.1502	5.4208	0.0291
khb-CN	khb	Lü	CHN	CN	China		R1094	0.2585	0.1184	3.0683	0.0631
khn-IN	khn	Khandesi	IND	IN	India			1.8650	0.2816	10.1640	0.0546
khq-ML	khq	Koyra Chiini	MLI	ML	Mali			0.2865	0.0066	0.4278	0.0010
kht-IN	kht	Khamti	IND	IN	India			0.0087	0.0013	0.0474	0.0003
kht-MM	kht	Khamti	MMR	MM	Myanmar (Burma)			0.0039	0.0000	0.0168	0.0000
khw-PK	khw	Khowar	PAK	PK	Pakistan			0.2739	0.0299	1.2526	0.0078
ki-KE	ki	Kikuyu	KEN	KE	Kenya			7.1060	2.7713	21.3809	0.6534
kiu-TR	kiu	Kirmanjki (individual language)	TUR	TR	Turkey			0.1453	0.0672	2.7427	0.0309
kj-NA	kj	Kuanyama	NAM	NA	Namibia			0.7609	0.1058	7.7858	0.1491
kjg-LA	kjg	Khmu	LAO	LA	Laos		R1230	0.3927	0.0491	1.8320	0.0038
kk_Arab-AF	kk_Arab	Kazakh (Arabic)	AFG	AF	Afghanistan		R1119	0.0019	0.0001	0.0037	0.0000
kk_Arab-CN	kk_Arab	Kazakh (Arabic)	CHN	CN	China		R1123	1.1703	0.5360	13.8882	0.2856
kk_Arab-IR	kk_Arab	Kazakh (Arabic)	IRN	IR	Iran		R1119	0.0028	0.0009	0.0460	0.0004
kk_Arab-MN	kk_Arab	Kazakh (Arabic)	MNG	MN	Mongolia		R1119	0.2075	0.0367	1.9286	0.0150
kk_Cyrl-KZ	kk_Cyrl	Kazakh (Cyrillic)	KAZ	KZ	Kazakhstan	official	R1068	10.9856	5.9322	253.0918	1.7777
kk_Cyrl-TR	kk_Cyrl	Kazakh (Cyrillic)	TUR	TR	Turkey		R1119	0.0005	0.0002	0.0101	0.0001
kkj-CM	kkj	Kako	CMR	CM	Cameroon			0.1188	0.0076	0.3398	0.0014
kl-DK	kl	Kalaallisut	DNK	DK	Denmark	official_regional		0.0073	0.0069	0.3131	0.0171
kl-GL	kl	Kalaallisut	GRL	GL	Greenland	official					0.0187
kln-KE	kln	Kalenjin	KEN	KE	Kenya			3.1768	1.2390	9.5585	0.2921
km-KH	km	Khmer	KHM	KH	Cambodia	official		13.4274	0.8056	41.0388	0.2233
kmb-AO	kmb	Kimbundu	AGO	AO	Angola		R1034	5.2050	0.9942	41.5262	0.2870
kn-IN	kn	Kannada	IND	IN	India	official_regional	R1195	46.0036	6.9465	250.7109	1.3469
ko-BR	ko	Korean	BRA	BR	Brazil			0.0422	0.0218	0.6327	0.0170
ko-CN	ko	Korean	CHN	CN	China	official_regional		2.0411	0.9348	24.2236	0.4981
ko-JP	ko	Korean	JPN	JP	Japan			0.6622	0.5711	24.2713	1.0538
ko-KP	ko	Korean	PRK	KP	North Korea	official					0.0020
ko-KR	ko	Korean	KOR	KR	South Korea	official		50.2200	42.5715	1697.0000	112.3245
ko-US	ko	Korean	USA	US	United States			0.9491	0.7992	50.3041	4.7936
koi-RU	koi	Komi-Permyak	RUS	RU	Russia	official_regional		0.0647	0.0397	1.5712	0.0208
kok-IN	kok	Konkani	IND	IN	India	official_regional		4.6004	0.6947	25.0711	0.1347
kos-FM	kos	Kosraean	FSM	FM	Micronesia			0.0079	0.0022	0.0246	0.0007
kpe-GN	kpe	Kpelle	GIN	GN	Guinea			0.4228	0.0068	0.5586	0.0010
kpe-LR	kpe	Kpelle	LBR	LR	Liberia			0.5713	0.0263	0.5067	0.0032
krc-RU	krc	Karachay-Balkar	RUS	RU	Russia	official_regional		0.2299	0.1412	5.5866	0.0741
kri-SL	kri	Krio	SLE	SL	Sierra Leone		R1162	5.7988	0.0986	11.1549	0.0462
krj-PH	krj	Kinaray-A	PHL	PH	Philippines			0.3802	0.1407	2.5080	0.0211
krl-RU	krl	Karelian	RUS	RU	Russia			0.1178	0.0724	2.8631	0.0380
kru-IN	kru	Kurukh	IND	IN	India			2.3623	0.3567	12.8743	0.0692
ks_Arab-GB	ks_Arab	Kashmiri (Arabic)	GBR	GB	United Kingdom			0.1218	0.1094	4.4088	0.2351
ks_Arab-IN	ks_Arab	Kashmiri (Arabic)	IND	IN	India	official_regional		5.0977	0.7698	27.7815	0.1493
ks_Arab-PK	ks_Arab	Kashmiri (Arabic)	PAK	PK	Pakistan			0.1260	0.0137	0.5762	0.0036
ksb-TZ	ksb	Shambala	TZA	TZ	Tanzania			0.7867	0.0346	1.4430	0.0144
ksf-CM	ksf	Bafia	CMR	CM	Cameroon			0.0704	0.0045	0.2013	0.0008
ksh-DE	ksh	Colognian	DEU	DE	Germany		R1174	0.2424	0.2035	10.5383	0.3606
ku_Arab-LB	ku_Arab	Kurdish (Arabic)	LBN	LB	Lebanon			0.0715	0.0504	1.2384	0.0084
ku_Latn-AM	ku_Latn	Kurdish (Latin)	ARM	AM	Armenia			0.1085	0.0502	0.7631	0.0203
ku_Latn-AZ	ku_Latn	Kurdish (Latin)	AZE	AZ	Azerbaijan			0.0223	0.0131	0.3804	0.0017
ku_Latn-DE	ku_Latn	Kurdish (Latin)	DEU	DE	Germany			0.5333	0.4477	23.1842	0.7934
ku_Latn-GE	ku_Latn	Kurdish (Latin)	GEO	GE	Georgia			0.0399	0.0172	0.2856	0.0105
ku_Latn-SY	ku_Latn	Kurdish (Latin)	SYR	SY	Syria						0.0676
ku_Latn-TM	ku_Latn	Kurdish (Latin)	TKM	TM	Turkmenistan			0.0234	0.0022	0.3008	0.0001
ku_Latn-TR	ku_Latn	Kurdish (Latin)	TUR	TR	Turkey			4.2066	1.9456	79.3941	0.8959
kum-RU	kum	Kumyk	RUS	RU	Russia	official_regional		0.2874	0.1765	6.9832	0.0926
kv-RU	kv	Komi	RUS	RU	Russia	official_regional		0.2587	0.1588	6.2849	0.0833
kvr-ID	kvr	Kerinci	IDN	ID	Indonesia			0.3471	0.0549	3.3445	0.0247
kvx-PK	kvx	Parkari Koli	PAK	PK	Pakistan			0.2921	0.0318	1.3361	0.0084
kw-GB	kw	Cornish	GBR	GB	United Kingdom		R1140	0.0020	0.0018	0.0719	0.0038
kxm-TH	kxm	Northern Khmer	THA	TH	Thailand			1.1599	0.3357	16.3965	0.1471
kxp-PK	kxp	Wadiyara Koli	PAK	PK	Pakistan			0.2191	0.0239	1.0021	0.0063
ky_Arab-CN	ky_Arab	Kyrgyz (Arabic)	CHN	CN	China			0.4627	0.2119	5.4907	0.1129
ky_Cyrl-KG	ky_Cyrl	Kyrgyz (Cyrillic)	KGZ	KG	Kyrgyzstan	official		2.7091	0.6339	8.7490	0.1305
ky_Latn-TR	ky_Latn	Kyrgyz (Latin)	TUR	TR	Turkey			0.0011	0.0005	0.0202	0.0002
la-VA	la	Latin	VAT	VA	Vatican City		R1284				0.0173
lad-IL	lad	Ladino	ISR	IL	Israel		R1301	0.1023	0.0724	3.3476	0.0989
lag-TZ	lag	Langi	TZA	TZ	Tanzania		R1188	0.4026	0.0177	0.7385	0.0074
lah-IN	lah	Lahnda	IND	IN	India			0.0311	0.0047	0.1694	0.0009
lah-PK	lah	Lahnda	PAK	PK	Pakistan			73.0356	7.9609	334.0300	2.0909
laj-UG	laj	Lango (Uganda)	UGA	UG	Uganda			1.3993	0.2267	2.3519	0.0089
lb-LU	lb	Luxembourgish	LUX	LU	Luxembourg	official	R1024	0.3598	0.3374	32.5030	0.8980
lbe-RU	lbe	Lak	RUS	RU	Russia	official_regional		0.1121	0.0688	2.7235	0.0361
lbw-ID	lbw	Tolaki	IDN	ID	Indonesia			0.3223	0.0510	3.1056	0.0230
lcp-CN	lcp	Western Lawa	CHN	CN	China			0.0789	0.0361	0.9366	0.0193
lcp-TH	lcp	Western Lawa	THA	TH	Thailand			0.0068	0.0020	0.0965	0.0009
lep-BT	lep	Lepcha	BTN	BT	Bhutan			0.0294	0.0088	0.2116	0.0011
lep-IN	lep	Lepcha	IND	IN	India			0.0435	0.0066	0.2372	0.0013
lep-NP	lep	Lepcha	NPL	NP	Nepal			0.0025	0.0003	0.0057	0.0000
lez-RU	lez	Lezghian	RUS	RU	Russia	official_regional		0.2587	0.1588	6.2849	0.0833
lg-UG	lg	Ganda	UGA	UG	Uganda			4.7871	0.7755	8.0458	0.0304
li-NL	li	Limburgish	NLD	NL	Netherlands		R1026	0.9241	0.8683	42.9157	2.5578
lif_Deva-IN	lif_Deva	lif (Devanagari)	IND	IN	India			0.0323	0.0049	0.1762	0.0009
lif_Deva-NP	lif_Deva	lif (Devanagari)	NPL	NP	Nepal			0.3057	0.0407	0.6864	0.0054
lij-IT	lij	Ligurian	ITA	IT	Italy			0.5133	0.3001	17.5048	0.4558
lis-CN	lis	Lisu	CHN	CN	China			0.6123	0.2805	7.2671	0.1494
ljp-ID	ljp	Lampung Api	IDN	ID	Indonesia			1.7109	0.2707	16.4838	0.1219
lki-IR	lki	Laki	IRN	IR	Iran		R1212	0.5850	0.1837	9.4569	0.0839
lkt-US	lkt	Lakota	USA	US	United States		R1240	0.0082	0.0069	0.4360	0.0415
lmn-IN	lmn	Lambadi	IND	IN	India			3.3570	0.5069	18.2951	0.0983
lmo-CH	lmo	Lombard	CHE	CH	Switzerland		R1086	0.3281	0.2845	17.7104	0.8390
lmo-IT	lmo	Lombard	ITA	IT	Italy			3.7005	2.1633	126.1973	3.2862
ln-AO	ln	Lingala	AGO	AO	Angola		R1010	0.1395	0.0266	1.1129	0.0077
ln-CD	ln	Lingala	COD	CD	Congo - Kinshasa	official_regional		2.3867	0.0525	1.5642	0.0043
ln-CF	ln	Lingala	CAF	CF	Central African Republic			0.0111	0.0004	0.0067	0.0000
ln-CG	ln	Lingala	COG	CG	Congo - Brazzaville			0.1004	0.0066	0.6255	0.0020
lo-LA	lo	Lao	LAO	LA	Laos	official		4.6713	0.5839	21.7943	0.0458
lol-CD	lol	Mongo	COD	CD	Congo - Kinshasa			0.4696	0.0103	0.3078	0.0008
loz-ZM	loz	Lozi	ZMB	ZM	Zambia		R1285	0.8723	0.1343	3.4245	0.0543
lrc-IR	lrc	Northern Luri	IRN	IR	Iran			1.6165	0.5076	26.1309	0.2319
lt-LT	lt	Lithuanian	LTU	LT	Lithuania	official		2.5559	1.7496	64.8509	2.2164
lt-PL	lt	Lithuanian	POL	PL	Poland	official_regional	R1258	0.0081	0.0051	0.1883	0.0043
ltg-LV	ltg	Latgalian	LVA	LV	Latvia			0.1815	0.1365	4.1427	0.1621
lu-CD	lu	Luba-Katanga	COD	CD	Congo - Kinshasa		R1093	1.7708	0.0390	1.1606	0.0032
lua-CD	lua	Luba-Lulua	COD	CD	Congo - Kinshasa	official_regional	R1092	7.3911	0.1626	4.8441	0.0132
luo-KE	luo	Luo	KEN	KE	Kenya			4.0964	1.5976	12.3255	0.3767
luy-KE	luy	Luyia	KEN	KE	Kenya			4.5980	1.7932	13.8347	0.4228
luz-IR	luz	Southern Luri	IRN	IR	Iran			0.9237	0.2901	14.9320	0.1325
lv-LV	lv	Latvian	LVA	LV	Latvia	official		1.2438	0.9358	28.3937	1.1113
lwl-TH	lwl	Eastern Lawa	THA	TH	Thailand			0.0068	0.0020	0.0965	0.0009
lzh-CN	lzh	Literary Chinese	CHN	CN	China		R1150	0.0000	0.0000	0.0000	0.0000
lzz_Latn-TR	lzz_Latn	lzz (Latin)	TUR	TR	Turkey			0.0214	0.0099	0.4042	0.0046
mad-ID	mad	Madurese	IDN	ID	Indonesia			15.6211	2.4713	150.5038	1.1131
maf-CM	maf	Mafa	CMR	CM	Cameroon			0.1606	0.0103	0.4593	0.0018
mag-IN	mag	Magahi	IND	IN	India		R1098	14.9201	2.2529	81.3116	0.4368
mai-IN	mai	Maithili	IND	IN	India	official_regional	R1195	14.9201	2.2529	81.3116	0.4368
mai-NP	mai	Maithili	NPL	NP	Nepal			3.0569	0.4066	6.8639	0.0542
mak-ID	mak	Makasar	IDN	ID	Indonesia			1.8101	0.2864	17.4393	0.1290
man_Latn-GM	man_Latn	Mandingo (Latin)	GMB	GM	Gambia			0.5440	0.0762	0.8932	0.0082
man_Nkoo-GN	man_Nkoo	Mandingo (N’Ko)	GIN	GN	Guinea			2.5588	0.0409	3.3810	0.0060
mas-KE	mas	Masai	KEN	KE	Kenya			0.6688	0.2608	2.0123	0.0615
mas-TZ	mas	Masai	TZA	TZ	Tanzania		R1186	0.6942	0.0305	1.2733	0.0127
maz-MX	maz	Central Mazahua	MEX	MX	Mexico			0.4025	0.1749	7.0003	0.0979
mdf-RU	mdf	Moksha	RUS	RU	Russia	official_regional		0.3018	0.1853	7.3324	0.0972
mdh-PH	mdh	Maguindanaon	PHL	PH	Philippines	official_regional		1.1698	0.4328	7.7169	0.0648
mdr-ID	mdr	Mandar	IDN	ID	Indonesia			0.2281	0.0361	2.1978	0.0163
men-LR	men	Mende	LBR	LR	Liberia			0.0196	0.0009	0.0174	0.0001
men-SL	men	Mende	SLE	SL	Sierra Leone			1.6481	0.0280	3.1703	0.0131
mer-KE	mer	Meru	KEN	KE	Kenya			1.6720	0.6521	5.0308	0.1537
mfa-TH	mfa	Pattani Malay	THA	TH	Thailand			3.4115	0.9873	48.2250	0.4325
mfe-MU	mfe	Morisyen	MUS	MU	Mauritius			1.1718	0.4570	20.0655	1.6278
mg-MG	mg	Malagasy	MDG	MG	Madagascar	official	R1089	20.6730	0.4548	28.8972	0.1517
mgh-MZ	mgh	Makhuwa-Meetto	MOZ	MZ	Mozambique		R1274	1.1625	0.0628	1.2156	0.0188
mgo-CM	mgo	Meta'	CMR	CM	Cameroon		R1266	0.1034	0.0066	0.2957	0.0012
mgp-NP	mgp	Eastern Magar	NPL	NP	Nepal			0.3057	0.0407	0.6864	0.0054
mgy-TZ	mgy	Mbunga	TZA	TZ	Tanzania			0.6479	0.0285	1.1884	0.0119
mh-MH	mh	Marshallese	MHL	MH	Marshall Islands	official		0.0394	0.0046	0.1241	0.0022
mi-NZ	mi	Maori	NZL	NZ	New Zealand	official	R1044	0.1121	0.0928	3.7674	0.1700
min-ID	min	Minangkabau	IDN	ID	Indonesia			7.4386	1.1768	71.6685	0.5301
mk-AL	mk	Macedonian	ALB	AL	Albania			0.0131	0.0079	0.1388	0.0016
mk-GR	mk	Macedonian	GRC	GR	Greece			0.1770	0.1060	4.4474	0.0943
mk-MK	mk	Macedonian	MKD	MK	Macedonia	official		1.3876	0.8492	17.4662	0.4661
ml-AE	ml	Malayalam	ARE	AE	United Arab Emirates			0.6322	0.5563	39.9402	0.2626
ml-BH	ml	Malayalam	BHR	BH	Bahrain		R1109	0.0387	0.0349	1.9233	0.0150
ml-GB	ml	Malayalam	GBR	GB	United Kingdom		R1113	0.0224	0.0202	0.8122	0.0433
ml-IL	ml	Malayalam	ISR	IL	Israel		R1115	0.0079	0.0056	0.2575	0.0076
ml-IN	ml	Malayalam	IND	IN	India	official_regional	R1195	39.7869	6.0078	216.8310	1.1649
ml-MY	ml	Malayalam	MYS	MY	Malaysia			0.0449	0.0301	1.0404	0.0099
ml-QA	ml	Malayalam	QAT	QA	Qatar			0.0063	0.0054	0.9250	0.0025
ml-SG	ml	Malayalam	SGP	SG	Singapore			0.0097	0.0071	0.7655	0.0109
mn_Cyrl-MN	mn_Cyrl	Mongolian (Cyrillic)	MNG	MN	Mongolia	official		2.6803	0.4744	24.9110	0.1936
mn_Cyrl-RU	mn_Cyrl	Mongolian (Cyrillic)	RUS	RU	Russia			0.0022	0.0013	0.0524	0.0007
mn_Mong-CN	mn_Mong	Mongolian (Mongolian)	CHN	CN	China	official_regional		3.5380	1.6204	41.9876	0.8634
mni-BD	mni	Manipuri	BGD	BD	Bangladesh			0.0172	0.0011	0.0546	0.0001
mni-IN	mni	Manipuri	IND	IN	India			1.3677	0.2065	7.4536	0.0400
mnw-MM	mnw	Mon	MMR	MM	Myanmar (Burma)			0.7647	0.0092	3.3222	0.0006
mnw-TH	mnw	Mon	THA	TH	Thailand			0.1160	0.0336	1.6397	0.0147
moe-CA	moe	Montagnais	CAN	CA	Canada		R1063	0.0116	0.0099	0.5011	0.0265
moh-CA	moh	Mohawk	CAN	CA	Canada		R1090	0.0035	0.0030	0.1518	0.0080
mos-BF	mos	Mossi	BFA	BF	Burkina Faso		R1105	6.7748	0.2981	11.0952	0.0239
mr-IN	mr	Marathi	IND	IN	India	official_regional	R1195	87.0338	13.1421	474.3179	2.5482
mrd-NP	mrd	Western Magar	NPL	NP	Nepal			0.2307	0.0307	0.5179	0.0041
mrj-RU	mrj	Western Mari	RUS	RU	Russia			0.0302	0.0185	0.7332	0.0097
ms_Arab-BN	ms_Arab	Malay (Arabic)	BRN	BN	Brunei	official	R1219	0.0203	0.0131	1.4993	0.0102
ms_Arab-CC	ms_Arab	Malay (Arabic)	CCK	CC	Cocos (Keeling) Islands						0.0011
ms_Arab-ID	ms_Arab	Malay (Arabic)	IDN	ID	Indonesia			11.4059	1.8044	109.8917	0.8128
ms_Latn-BN	ms_Latn	Malay (Latin)	BRN	BN	Brunei	official		0.3776	0.2435	27.8879	0.1905
ms_Latn-MY	ms_Latn	Malay (Latin)	MYS	MY	Malaysia	official		22.4610	15.0421	520.1955	4.9497
ms_Latn-SG	ms_Latn	Malay (Latin)	SGP	SG	Singapore	official		0.7559	0.5518	59.5351	0.8450
mt-MT	mt	Maltese	MLT	MT	Malta	official		0.4210	0.2901	12.8800	0.6050
mtr-IN	mtr	Mewari	IND	IN	India			1.2185	0.1840	6.6405	0.0357
mua-CM	mua	Mundang	CMR	CM	Cameroon			0.2199	0.0141	0.6292	0.0025
mvy-PK	mvy	Indus Kohistani	PAK	PK	Pakistan			0.2556	0.0279	1.1691	0.0073
mwk-ML	mwk	Kita Maninkakan	MLI	ML	Mali			0.8427	0.0194	1.2583	0.0029
mwr-IN	mwr	Marwari	IND	IN	India		R1126	14.9201	2.2529	81.3116	0.4368
mwv-ID	mwv	Mentawai	IDN	ID	Indonesia			0.0595	0.0094	0.5733	0.0042
mxc-ZW	mxc	Manyika	ZWE	ZW	Zimbabwe			0.8526	0.1577	1.6661	0.0058
my-BD	my	Burmese	BGD	BD	Bangladesh			0.3288	0.0214	1.0416	0.0022
my-MM	my	Burmese	MMR	MM	Myanmar (Burma)	official		32.6266	0.3915	141.7466	0.0247
myv-RU	myv	Erzya	RUS	RU	Russia	official_regional		0.4455	0.2735	10.8240	0.1435
myx-UG	myx	Masaaba	UGA	UG	Uganda			1.0679	0.1730	1.7948	0.0068
mzn-IR	mzn	Mazanderani	IRN	IR	Iran			3.8489	1.2086	62.2165	0.5522
na-NR	na	Nauru	NRU	NR	Nauru	official	R1154				0.0073
nan-CN	nan	Min Nan Chinese	CHN	CN	China			25.8544	11.8413	306.8327	6.3097
nap-IT	nap	Neapolitan	ITA	IT	Italy		R1148	0.5789	0.3384	19.7438	0.5141
naq-NA	naq	Nama	NAM	NA	Namibia		R1182	0.2000	0.0278	2.0465	0.0392
nb-NO	nb	Norwegian Bokmål	NOR	NO	Norway	official		5.0960	4.8439	328.0140	15.7907
nb-SJ	nb	Norwegian Bokmål	SJM	SJ	Svalbard and Jan Mayen	official	R1116				0.0010
nch-MX	nch	Central Huasteca Nahuatl	MEX	MX	Mexico			0.2250	0.0978	3.9119	0.0547
nd-ZW	nd	North Ndebele	ZWE	ZW	Zimbabwe	official		1.5740	0.2912	3.0760	0.0108
ndc-MZ	ndc	Ndau	MOZ	MZ	Mozambique			2.5576	0.1381	2.6743	0.0414
ndc-ZW	ndc	Ndau	ZWE	ZW	Zimbabwe			0.8001	0.1480	1.5636	0.0055
nds-DE	nds	Low German	DEU	DE	Germany		R1167	9.6960	8.1409	421.5312	14.4252
ne-BT	ne	Nepali	BTN	BT	Bhutan			0.1282	0.0383	0.9224	0.0047
ne-IN	ne	Nepali	IND	IN	India	official_regional		6.9627	1.0514	37.9454	0.2039
ne-NP	ne	Nepali	NPL	NP	Nepal	official		12.2276	1.6263	27.4556	0.2169
new-NP	new	Newari	NPL	NP	Nepal			0.9171	0.1220	2.0592	0.0163
ng-NA	ng	Ndonga	NAM	NA	Namibia			0.4565	0.0635	4.6715	0.0895
ngl-MZ	ngl	Lomwe	MOZ	MZ	Mozambique			1.7567	0.0949	1.8369	0.0284
nhe-MX	nhe	Eastern Huasteca Nahuatl	MEX	MX	Mexico			0.4617	0.2007	8.0297	0.1123
nhw-MX	nhw	Western Huasteca Nahuatl	MEX	MX	Mexico			0.4499	0.1955	7.8238	0.1094
nij-ID	nij	Ngaju	IDN	ID	Indonesia			0.9174	0.1451	8.8391	0.0654
niu-NU	niu	Niuean	NIU	NU	Niue	official	R1155				0.0029
njo-IN	njo	Ao Naga	IND	IN	India			0.2860	0.0432	1.5585	0.0084
nl-AW	nl	Dutch	ABW	AW	Aruba	official	R1000				0.0454
nl-BE	nl	Dutch	BEL	BE	Belgium	official	R1004	6.1391	5.0445	250.2247	15.6647
nl-BQ	nl	Dutch	BES	BQ	Caribbean Netherlands	official					0.0019
nl-CW	nl	Dutch	CUW	CW	Curaçao	official	R1221				0.0156
nl-DE	nl	Dutch	DEU	DE	Germany			0.0970	0.0814	4.2153	0.1443
nl-FR	nl	Dutch	FRA	FR	France			0.0828	0.0678	3.2949	0.1093
nl-NL	nl	Dutch	NLD	NL	Netherlands	official	R1042	16.8020	15.7866	780.2860	46.5053
nl-SR	nl	Dutch	SUR	SR	Suriname	official	R1163	0.4923	0.1841	7.9209	0.0710
nl-SX	nl	Dutch	SXM	SX	Sint Maarten	official	R1238				0.0010
nmg-CM	nmg	Kwasio	CMR	CM	Cameroon		R1246	0.0086	0.0005	0.0245	0.0001
nn-NO	nn	Norwegian Nynorsk	NOR	NO	Norway	official		1.2740	1.2110	82.0035	3.9477
nnh-CM	nnh	Ngiemboon	CMR	CM	Cameroon		R1208	0.3079	0.0197	0.8809	0.0035
nod-TH	nod	Northern Thai	THA	TH	Thailand			6.5500	1.8956	92.5920	0.8304
noe-IN	noe	Nimadi	IND	IN	India			1.6163	0.2441	8.8088	0.0473
nqo-GN	nqo	N’Ko	GIN	GN	Guinea		R1286	0.5563	0.0089	0.7350	0.0013
nr-ZA	nr	South Ndebele	ZAF	ZA	South Africa	official_regional		0.8477	0.4145	10.6019	0.4232
nsk-CA	nsk	Naskapi	CAN	CA	Canada		R1063	0.0012	0.0010	0.0516	0.0027
nso-ZA	nso	Northern Sotho	ZAF	ZA	South Africa	official_regional		4.9803	2.4354	62.2863	2.4862
nus-SD	nus	Nuer	SDN	SD	Sudan		R1280	0.6189	0.1405	2.7408	0.0218
nv-US	nv	Navajo	USA	US	United States			0.1582	0.1332	8.3840	0.7989
nxq-CN	nxq	Naxi	CHN	CN	China			0.3266	0.1496	3.8758	0.0797
ny-MW	ny	Nyanja	MWI	MW	Malawi	official		10.7799	0.5821	8.0634	0.0951
ny-MZ	ny	Nyanja	MOZ	MZ	Mozambique			0.6717	0.0363	0.7023	0.0109
ny-ZM	ny	Nyanja	ZMB	ZM	Zambia			2.1808	0.3359	8.5612	0.1357
ny-ZW	ny	Nyanja	ZWE	ZW	Zimbabwe			0.2492	0.0461	0.4870	0.0017
nym-TZ	nym	Nyamwezi	TZA	TZ	Tanzania		R1081	1.5271	0.0672	2.8012	0.0280
nyn-UG	nyn	Nyankole	UGA	UG	Uganda			2.3199	0.3758	3.8991	0.0147
oc-FR	oc	Occitan	FRA	FR	France		R1015	1.9098	1.5645	76.0353	2.5213
om-ET	om	Oromo	ETH	ET	Ethiopia			28.4320	0.5402	40.5594	0.0320
om-KE	om	Oromo	KEN	KE	Kenya			0.1965	0.0766	0.5911	0.0181
om-SO	om	Oromo	SOM	SO	Somalia						0.0001
or-IN	or	Oriya	IND	IN	India	official_regional	R1195	39.7869	6.0078	216.8310	1.1649
os-GE	os	Ossetic	GEO	GE	Georgia	official_regional		0.0986	0.0425	0.7059	0.0260
os-RU	os	Ossetic	RUS	RU	Russia		R1233	0.4598	0.2823	11.1732	0.1481
pa_Arab-PK	pa_Arab	Punjabi (Arabic)	PAK	PK	Pakistan		R1158	127.8123	13.9315	584.5525	3.6590
pa_Guru-GB	pa_Guru	Punjabi (Gurmukhi)	GBR	GB	United Kingdom			0.5063	0.4549	18.3315	0.9775
pa_Guru-IN	pa_Guru	Punjabi (Gurmukhi)	IND	IN	India	official_regional	R1195	34.8135	5.2568	189.7272	1.0193
pa_Guru-KE	pa_Guru	Punjabi (Gurmukhi)	KEN	KE	Kenya			0.0092	0.0036	0.0277	0.0008
pa_Guru-SG	pa_Guru	Punjabi (Gurmukhi)	SGP	SG	Singapore			0.0092	0.0067	0.7229	0.0103
pag-PH	pag	Pangasinan	PHL	PH	Philippines	official_regional		1.3648	0.5050	9.0031	0.0756
pam-PH	pam	Pampanga	PHL	PH	Philippines			2.2421	0.8296	14.7907	0.1241
pap-AW	pap	Papiamento	ABW	AW	Aruba	official					0.0286
pap-BQ	pap	Papiamento	BES	BQ	Caribbean Netherlands						0.0191
pap-CW	pap	Papiamento	CUW	CW	Curaçao	de_facto_official	R1221				0.1582
pau-PW	pau	Palauan	PLW	PW	Palau	official		0.0133		0.1946	0.0049
pcd-FR	pcd	Picard	FRA	FR	France			0.7003	0.5737	27.8796	0.9245
pcm-NG	pcm	Nigerian Pidgin	NGA	NG	Nigeria		R1275	35.5492	13.5087	204.2557	0.4496
pdc-US	pdc	Pennsylvania German	USA	US	United States			0.1234	0.1039	6.5395	0.6232
pdt-CA	pdt	Plautdietsch	CAN	CA	Canada			0.0843	0.0723	3.6442	0.1930
pfl-DE	pfl	Pfaelzisch	DEU	DE	Germany		R1150	0.0000	0.0000	0.0000	0.0000
pko-KE	pko	Pökoot	KEN	KE	Kenya			0.2926	0.1141	0.8804	0.0269
pl-CZ	pl	Polish	CZE	CZ	Czech Republic			0.0515	0.0382	1.4092	0.0422
pl-DE	pl	Polish	DEU	DE	Germany			0.2343	0.1967	10.1870	0.3486
pl-IL	pl	Polish	ISR	IL	Israel			0.1181	0.0836	3.8627	0.1142
pl-PL	pl	Polish	POL	PL	Poland	official		36.9917	23.2490	860.9069	19.8523
pl-RO	pl	Polish	ROU	RO	Romania			0.0028	0.0014	0.0483	0.0013
pl-SK	pl	Polish	SVK	SK	Slovakia			0.0503	0.0392	1.3393	0.0258
pl-UA	pl	Polish	UKR	UA	Ukraine			1.0890	0.4552	9.4201	0.2856
pms-IT	pms	Piemontese	ITA	IT	Italy			1.6712	0.9770	56.9923	1.4841
pnt_Grek-GR	pnt_Grek	pnt (Greek)	GRC	GR	Greece			0.4093	0.2451	10.2846	0.2180
pon-FM	pon	Pohnpeian	FSM	FM	Micronesia			0.0239	0.0066	0.0745	0.0022
prd-AF	prd	Parsi-Dari	AFG	AF	Afghanistan			0.3666	0.0216	0.7052	0.0019
prd-IR	prd	Parsi-Dari	IRN	IR	Iran			0.3849	0.1209	6.2216	0.0552
ps-AE	ps	Pashto	ARE	AE	United Arab Emirates			0.2619	0.2305	16.5466	0.1088
ps-AF	ps	Pashto	AFG	AF	Afghanistan	official	R1055	13.1374	0.7751	25.2707	0.0692
ps-IR	ps	Pashto	IRN	IR	Iran			0.1232	0.0387	1.9909	0.0177
ps-PK	ps	Pashto	PAK	PK	Pakistan		R1107	27.3884	2.9853	125.2613	0.7841
pt-AG	pt	Portuguese	ATG	AG	Antigua and Barbuda			0.0016	0.0010	0.0346	0.0012
pt-AO	pt	Portuguese	AGO	AO	Angola	official		13.9494	2.6643	111.2904	0.7691
pt-BR	pt	Portuguese	BRA	BR	Brazil	official		182.9391	94.3966	2741.7208	73.7831
pt-CV	pt	Portuguese	CPV	CV	Cape Verde	official		0.3891	0.1459	2.4312	0.0150
pt-FR	pt	Portuguese	FRA	FR	France			0.8276	0.6780	32.9486	1.0926
pt-GW	pt	Portuguese	GNB	GW	Guinea-Bissau	official	R1027	1.6990	0.0527	2.3980	0.0074
pt-MO	pt	Portuguese	MAC	MO	Macau SAR China	official	R1085				0.0166
pt-MZ	pt	Portuguese	MOZ	MZ	Mozambique	official		6.9752	0.3767	7.2935	0.1129
pt-PT	pt	Portuguese	PRT	PT	Portugal	official		10.0618	6.2479	258.0259	6.0412
pt-ST	pt	Portuguese	STP	ST	São Tomé and Príncipe	official		0.1623	0.0373	0.4870	0.0087
pt-TL	pt	Portuguese	TLS	TL	Timor-Leste	official	R1049	0.7039	0.0077	5.4038	0.0048
puu-GA	puu	Punu	GAB	GA	Gabon			0.1407	0.0129	2.8865	0.0304
qu-BO	qu	Quechua	BOL	BO	Bolivia	official	R1008	3.5318	1.3951	20.9357	0.3640
qu-EC	qu	Quechua	ECU	EC	Ecuador	official	R1288	2.6818	1.0822	29.2521	0.4367
qu-PE	qu	Quechua	PER	PE	Peru	official		4.6419	1.8196	53.6463	0.4725
quc-GT	quc	K'iche'	GTM	GT	Guatemala	official_regional	R1289	1.0837	0.2135	7.9004	0.0420
qug-EC	qug	Chimborazo Highland Quichua	ECU	EC	Ecuador			0.8992	0.3629	9.8080	0.1464
raj-IN	raj	Rajasthani	IND	IN	India			1.2433	0.1877	6.7760	0.0364
rcf-RE	rcf	Réunion Creole French	REU	RE	Réunion						0.1625
rej-ID	rej	Rejang	IDN	ID	Indonesia			1.1406	0.1804	10.9892	0.0813
rgn-IT	rgn	Romagnol	ITA	IT	Italy		R1150	0.0000	0.0000	0.0000	0.0000
ria-IN	ria	Riang (India)	IND	IN	India			0.1616	0.0244	0.8809	0.0047
rif_Latn-MA	rif_Latn	rif (Latin)	MAR	MA	Morocco			1.6098	0.9015	11.8422	0.3173
rif_Latn-NL	rif_Latn	rif (Latin)	NLD	NL	Netherlands			0.2016	0.1894	9.3634	0.5581
rif_Tfng-MA	rif_Tfng	rif (Tifinagh)	MAR	MA	Morocco			1.6098	0.9015	11.8422	0.3173
rjs-NP	rjs	Rajbanshi	NPL	NP	Nepal		R1232	0.1223	0.0163	0.2746	0.0022
rkt-BD	rkt	Rangpuri	BGD	BD	Bangladesh		R1087	10.1787	0.6616	32.2408	0.0680
rkt-IN	rkt	Rangpuri	IND	IN	India		R1228	5.4707	0.8261	29.8143	0.1602
rm-CH	rm	Romansh	CHE	CH	Switzerland	official_regional	R1117	0.0400	0.0347	2.1598	0.1023
rmf-FI	rmf	Kalo Finnish Romani	FIN	FI	Finland		R1111	0.0052	0.0047	0.2074	0.0130
rmo-CH	rmo	Sinte Romani	CHE	CH	Switzerland			0.0232	0.0201	1.2527	0.0593
rmt-IR	rmt	Domari	IRN	IR	Iran		R1270	1.4626	0.4593	23.6423	0.2098
rmu-SE	rmu	Tavringer Romani	SWE	SE	Sweden			0.0094	0.0089	0.4099	0.0262
rn-BI	rn	Rundi	BDI	BI	Burundi	official		5.6605	0.0736	4.9669	0.0131
rng-MZ	rng	Ronga	MOZ	MZ	Mozambique			0.8784	0.0474	0.9184	0.0142
ro-HU	ro	Romanian	HUN	HU	Hungary			0.0978	0.0710	2.2726	0.0581
ro-IL	ro	Romanian	ISR	IL	Israel			0.2912	0.2062	9.5279	0.2816
ro-MD	ro	Romanian	MDA	MD	Moldova	official		2.2422	1.0942	10.4637	0.6598
ro-RO	ro	Romanian	ROU	RO	Romania	official		19.1574	9.5336	334.1097	9.3139
ro-RS	ro	Romanian	SRB	RS	Serbia	official_regional	R1259	0.1512	0.0779	1.8844	0.0468
ro-UA	ro	Romanian	UKR	UA	Ukraine			0.2359	0.0986	2.0410	0.0619
rob-ID	rob	Tae'	IDN	ID	Indonesia			0.2727	0.0431	2.6278	0.0194
rof-TZ	rof	Rombo	TZA	TZ	Tanzania		R1189	0.3471	0.0153	0.6366	0.0064
rtm-FJ	rtm	Rotuman	FJI	FJ	Fiji			0.0025	0.0009	0.0193	0.0004
ru-BY	ru	Russian	BLR	BY	Belarus	official		1.1357	0.6152	20.0143	0.2205
ru-CN	ru	Russian	CHN	CN	China			0.0136	0.0062	0.1615	0.0033
ru-DE	ru	Russian	DEU	DE	Germany			0.3555	0.2985	15.4561	0.5289
ru-EE	ru	Russian	EST	EE	Estonia			0.3960	0.3168	10.3179	0.4065
ru-FI	ru	Russian	FIN	FI	Finland		R1110	0.0442	0.0404	1.7682	0.1109
ru-GE	ru	Russian	GEO	GE	Georgia		R1038	0.4036	0.1739	2.8877	0.1065
ru-IL	ru	Russian	ISR	IL	Israel			0.8658	0.6130	28.3262	0.8372
ru-KG	ru	Russian	KGZ	KG	Kyrgyzstan	official	R1108	2.0318	0.4755	6.5617	0.0979
ru-KZ	ru	Russian	KAZ	KZ	Kazakhstan	official	R1257	12.3588	6.6738	284.7283	1.9999
ru-LT	ru	Russian	LTU	LT	Lithuania		R1048	0.2378	0.1628	6.0326	0.2062
ru-LV	ru	Russian	LVA	LV	Latvia			0.7748	0.5829	17.6879	0.6923
ru-MD	ru	Russian	MDA	MD	Moldova		R1051	0.1068	0.0521	0.4983	0.0314
ru-MN	ru	Russian	MNG	MN	Mongolia			0.0040	0.0007	0.0375	0.0003
ru-RU	ru	Russian	RUS	RU	Russia	official	R1204	135.0780	82.9379	3282.1228	43.5135
ru-SJ	ru	Russian	SJM	SJ	Svalbard and Jan Mayen		R1074				0.0008
ru-TJ	ru	Russian	TJK	TJ	Tajikistan		R1108	0.9758	0.1561	2.4742	0.0090
ru-TM	ru	Russian	TKM	TM	Turkmenistan			0.6845	0.0657	8.8046	0.0025
ru-UA	ru	Russian	UKR	UA	Ukraine	de_facto_official	R1200	20.8716	8.7243	180.5523	5.4745
ru-US	ru	Russian	USA	US	United States			0.7593	0.6393	40.2433	3.8349
ru-UZ	ru	Russian	UZB	UZ	Uzbekistan			4.2337	1.6173	21.9134	0.0328
rue-UA	rue	Rusyn	UKR	UA	Ukraine			0.5445	0.2276	4.7101	0.1428
rug-SB	rug	Roviana	SLB	SB	Solomon Islands			0.0090	0.0007	0.0164	0.0002
rw-CD	rw	Kinyarwanda	COD	CD	Congo - Kinshasa			0.2926	0.0064	0.1917	0.0005
rw-RW	rw	Kinyarwanda	RWA	RW	Rwanda	official		8.3160	0.7235	13.3687	0.2647
rw-UG	rw	Kinyarwanda	UGA	UG	Uganda			0.7733	0.1253	1.2997	0.0049
rwk-TZ	rwk	Rwa	TZA	TZ	Tanzania			0.1018	0.0045	0.1867	0.0019
ryu-JP	ryu	Central Okinawan	JPN	JP	Japan		R1151	0.9805	0.8457	35.9401	1.5604
sa-IN	sa	Sanskrit	IND	IN	India	official_regional	R1197	0.0149	0.0023	0.0813	0.0004
saf-GH	saf	Safaliba	GHA	GH	Ghana		R1226	0.0041	0.0005	0.0165	0.0001
sah-RU	sah	Sakha	RUS	RU	Russia	official_regional	R1183	0.4598	0.2823	11.1732	0.1481
saq-KE	saq	Samburu	KEN	KE	Kenya		R1180	0.1923	0.0750	0.5785	0.0177
sas-ID	sas	Sasak	IDN	ID	Indonesia			2.4052	0.3805	23.1728	0.1714
sat-IN	sat	Santali	IND	IN	India	official_regional		6.8384	1.0326	37.2678	0.2002
saz-IN	saz	Saurashtra	IND	IN	India			0.3606	0.0544	1.9650	0.0106
sbp-TZ	sbp	Sangu	TZA	TZ	Tanzania		R1282	0.0926	0.0041	0.1698	0.0017
sc-IT	sc	Sardinian	ITA	IT	Italy			1.0146	0.5932	34.6025	0.9010
sck-IN	sck	Sadri	IND	IN	India			2.2380	0.3379	12.1967	0.0655
scn-IT	scn	Sicilian	ITA	IT	Italy		R1149	0.4894	0.2861	16.6906	0.4346
sco-GB	sco	Scots	GBR	GB	United Kingdom		R1016	1.7303	1.5546	62.6519	3.3409
scs-CA	scs	North Slavey	CAN	CA	Canada		R1172	0.0013	0.0011	0.0547	0.0029
sd_Arab-IN	sd_Arab	Sindhi (Arabic)	IND	IN	India	official_regional		3.2327	0.4881	17.6175	0.0946
sd_Arab-PK	sd_Arab	Sindhi (Arabic)	PAK	PK	Pakistan			21.9107	2.3883	100.2090	0.6273
sd_Deva-IN	sd_Deva	Sindhi (Devanagari)	IND	IN	India	official_regional	R1102	0.3233	0.0488	1.7618	0.0095
sdc-IT	sdc	Sassarese Sardinian	ITA	IT	Italy			0.1015	0.0593	3.4602	0.0901
se-FI	se	Northern Sami	FIN	FI	Finland			0.0021	0.0019	0.0830	0.0052
se-NO	se	Northern Sami	NOR	NO	Norway	official_regional		0.1682	0.1598	10.8245	0.5211
se-SE	se	Northern Sami	SWE	SE	Sweden			0.0318	0.0301	1.3801	0.0882
sef-CI	sef	Cebaara Senoufo	CIV	CI	Côte d’Ivoire			1.0350	0.0269	2.8045	0.0079
seh-MZ	seh	Sena	MOZ	MZ	Mozambique			1.1884	0.0642	1.2426	0.0192
sei-MX	sei	Seri	MEX	MX	Mexico			0.0008	0.0004	0.0144	0.0002
ses-ML	ses	Koyraboro Senni	MLI	ML	Mali			0.5730	0.0132	0.8556	0.0019
sg-CF	sg	Sango	CAF	CF	Central African Republic	official	R1011	2.2594	0.0791	1.3647	0.0040
sgs-LT	sgs	Samogitian	LTU	LT	Lithuania		R1303	0.0000	0.0000	0.0000	0.0000
shi_Latn-MA	shi_Latn	Tachelhit (Latin)	MAR	MA	Morocco		R1181	2.8582	1.6006	21.0259	0.5634
shi_Tfng-MA	shi_Tfng	Tachelhit (Tifinagh)	MAR	MA	Morocco			2.8582	1.6006	21.0259	0.5634
shn-MM	shn	Shan	MMR	MM	Myanmar (Burma)			3.2627	0.0392	14.1747	0.0025
shn-TH	shn	Shan	THA	TH	Thailand			0.0655	0.0190	0.9259	0.0083
si-LK	si	Sinhala	LKA	LK	Sri Lanka	official		14.1590	3.1008	135.6899	0.3679
sid-ET	sid	Sidamo	ETH	ET	Ethiopia			3.1098	0.0591	4.4362	0.0035
sk-HU	sk	Slovak	HUN	HU	Hungary			0.0109	0.0079	0.2525	0.0065
sk-RS	sk	Slovak	SRB	RS	Serbia	official_regional	R1259	0.0612	0.0315	0.7627	0.0189
sk-SK	sk	Slovak	SVK	SK	Slovakia	official		4.8699	3.7928	129.6117	2.4925
skr-PK	skr	Seraiki	PAK	PK	Pakistan		R1129	16.6156	1.8111	75.9918	0.4757
sl-AT	sl	Slovenian	AUT	AT	Austria	official_regional		0.0314	0.0253	1.3939	0.0420
sl-HU	sl	Slovenian	HUN	HU	Hungary			0.0049	0.0036	0.1148	0.0029
sl-IT	sl	Slovenian	ITA	IT	Italy		R1253	0.1015	0.0593	3.4602	0.0901
sl-SI	sl	Slovenian	SVN	SI	Slovenia	official		1.7913	1.3019	51.0699	2.2458
sli-PL	sli	Lower Silesian	POL	PL	Poland			0.0119	0.0075	0.2780	0.0064
sly-ID	sly	Selayar	IDN	ID	Indonesia			0.1339	0.0212	1.2900	0.0095
sm-AS	sm	Samoan	ASM	AS	American Samoa	official					0.0063
sm-WS	sm	Samoan	WSM	WS	Samoa	official		0.1900	0.0291	0.9600	0.0207
sma-SE	sma	Southern Sami	SWE	SE	Sweden			0.0003	0.0003	0.0130	0.0008
smj-SE	smj	Lule Sami	SWE	SE	Sweden			0.0014	0.0014	0.0627	0.0040
smn-FI	smn	Inari Sami	FIN	FI	Finland		R1112	0.0006	0.0005	0.0240	0.0015
sms-FI	sms	Skolt Sami	FIN	FI	Finland		R1112	0.0006	0.0005	0.0240	0.0015
sn-ZW	sn	Shona	ZWE	ZW	Zimbabwe	official		10.6248	1.9656	20.7627	0.0728
snk-ML	snk	Soninke	MLI	ML	Mali			0.9944	0.0229	1.4848	0.0034
so-DJ	so	Somali	DJI	DJ	Djibouti			0.3747	0.0356	1.0922	0.0210
so-ET	so	Somali	ETH	ET	Ethiopia			5.3310	0.1013	7.6049	0.0060
so-KE	so	Somali	KEN	KE	Kenya			0.5434	0.2119	1.6350	0.0500
so-SO	so	Somali	SOM	SO	Somalia	official					0.0170
sou-TH	sou	Southern Thai	THA	TH	Thailand			5.4583	1.5796	77.1600	0.6920
sq-AL	sq	Albanian	ALB	AL	Albania	official		2.7880	1.6756	29.5370	0.3504
sq-GR	sq	Albanian	GRC	GR	Greece			0.0103	0.0062	0.2585	0.0055
sq-ME	sq	Albanian	MNE	ME	Montenegro			0.0492	0.0280	0.7218	0.0169
sq-MK	sq	Albanian	MKD	MK	Macedonia	official_regional	R1053	0.5177	0.3169	6.5173	0.1739
sq-RS	sq	Albanian	SRB	RS	Serbia			1.3678	0.7044	17.0493	0.4231
sq-TR	sq	Albanian	TUR	TR	Turkey			0.0161	0.0074	0.3031	0.0034
sq-XK	sq	Albanian	XKK	XK	Kosovo	official					
sr_Cyrl-BA	sr_Cyrl	Serbian (Cyrillic)	BIH	BA	Bosnia and Herzegovina	official		0.3878	0.2633	3.7081	0.0800
sr_Cyrl-ME	sr_Cyrl	Serbian (Cyrillic)	MNE	ME	Montenegro		R1255	0.0312	0.0177	0.4569	0.0107
sr_Cyrl-RS	sr_Cyrl	Serbian (Cyrillic)	SRB	RS	Serbia	official		7.1270	3.6704	88.8357	2.2045
sr_Cyrl-XK	sr_Cyrl	Serbian (Cyrillic)	XKK	XK	Kosovo	official	R1264				
sr_Latn-BA	sr_Latn	Serbian (Latin)	BIH	BA	Bosnia and Herzegovina	official	R1003	0.3878	0.2633	3.7081	0.0800
sr_Latn-ME	sr_Latn	Serbian (Latin)	MNE	ME	Montenegro	official		0.6230	0.3539	9.1370	0.2144
sr_Latn-RO	sr_Latn	Serbian (Latin)	ROU	RO	Romania			0.0255	0.0127	0.4455	0.0124
sr_Latn-RS	sr_Latn	Serbian (Latin)	SRB	RS	Serbia	official	R1017	7.1270	3.6704	88.8357	2.2045
sr_Latn-RU	sr_Latn	Serbian (Latin)	RUS	RU	Russia			0.0050	0.0031	0.1222	0.0016
sr_Latn-TR	sr_Latn	Serbian (Latin)	TUR	TR	Turkey		R1017	0.0214	0.0099	0.4042	0.0046
sr_Latn-XK	sr_Latn	Serbian (Latin)	XKK	XK	Kosovo	official	R1264				
srn-SR	srn	Sranan Tongo	SUR	SR	Suriname		R1103	0.3720	0.1391	5.9847	0.0536
srr-SN	srr	Serer	SEN	SN	Senegal		R1069	1.5537	0.3247	3.4851	0.0251
srx-IN	srx	Sirmauri	IND	IN	India		R1196	0.4352	0.0657	2.3716	0.0127
ss-LS	ss	Swati	LSO	LS	Lesotho			0.0457	0.0023	0.1265	0.0017
ss-SZ	ss	Swati	SWZ	SZ	Swaziland	official		0.6339	0.1566	4.8447	0.0263
ss-ZA	ss	Swati	ZAF	ZA	South Africa	official_regional		1.4305	0.6995	17.8907	0.7141
ssy-ER	ssy	Saho	ERI	ER	Eritrea		R1175	0.2278	0.0021	0.2726	0.0002
st-LS	st	Southern Sotho	LSO	LS	Lesotho	official		1.8679	0.0934	5.1656	0.0704
st-ZA	st	Southern Sotho	ZAF	ZA	South Africa	official_regional		4.1856	2.0467	52.3470	2.0895
stq-DE	stq	Saterfriesisch	DEU	DE	Germany			0.0010	0.0008	0.0422	0.0014
su-ID	su	Sundanese	IDN	ID	Indonesia		R1269	29.7545	4.7072	286.6740	2.1203
suk-TZ	suk	Sukuma	TZA	TZ	Tanzania			4.0261	0.1771	7.3849	0.0738
sus-GN	sus	Susu	GIN	GN	Guinea			1.2238	0.0196	1.6170	0.0029
sv-AX	sv	Swedish	ALA	AX	Åland Islands	official					0.0199
sv-FI	sv	Swedish	FIN	FI	Finland	official		0.3107	0.2843	12.4429	0.7804
sv-SE	sv	Swedish	SWE	SE	Sweden	official	R1205	9.1532	8.6758	397.3061	25.3855
sw-BI	sw	Swahili	BDI	BI	Burundi			0.0055	0.0001	0.0048	0.0000
sw-CD	sw	Swahili	COD	CD	Congo - Kinshasa	official_regional	R1122	38.4955	0.8469	25.2295	0.0688
sw-KE	sw	Swahili	KEN	KE	Kenya	official	R1127	27.5880	10.7593	83.0082	2.5367
sw-MZ	sw	Swahili	MOZ	MZ	Mozambique			0.0096	0.0005	0.0100	0.0002
sw-SO	sw	Swahili	SOM	SO	Somalia						0.0004
sw-TZ	sw	Swahili	TZA	TZ	Tanzania	official	R1133	41.6493	1.8326	76.3956	0.7635
sw-UG	sw	Swahili	UGA	UG	Uganda	official	R1134	27.6180	4.4741	46.4183	0.1753
sw-YT	sw	Swahili	MYT	YT	Mayotte						0.0002
sw-ZA	sw	Swahili	ZAF	ZA	South Africa			0.0011	0.0005	0.0139	0.0006
swb-YT	swb	Comorian	MYT	YT	Mayotte		R1169				0.0153
swc-CD	swc	Congo Swahili	COD	CD	Congo - Kinshasa		R1250	6.9292	0.1524	4.5413	0.0124
swv-IN	swv	Shekhawati	IND	IN	India			3.4814	0.5257	18.9727	0.1019
sxn-ID	sxn	Sangir	IDN	ID	Indonesia			0.2281	0.0361	2.1978	0.0163
syl-BD	syl	Sylheti	BGD	BD	Bangladesh			7.8298	0.5089	24.8007	0.0523
syl-GB	syl	Sylheti	GBR	GB	United Kingdom			0.3268	0.2936	11.8342	0.6311
syr-IQ	syr	Syriac	IRQ	IQ	Iraq		R1229	0.1739	0.0160	2.4981	0.0031
syr-SY	syr	Syriac	SYR	SY	Syria		R1017				0.0007
szl-PL	szl	Silesian	POL	PL	Poland			0.5009	0.3148	11.6581	0.2688
ta-IN	ta	Tamil	IND	IN	India	official_regional	R1195	73.3571	11.0769	399.7822	2.1478
ta-LK	ta	Tamil	LKA	LK	Sri Lanka	official		3.1233	0.6840	29.9316	0.0812
ta-MU	ta	Tamil	MUS	MU	Mauritius			0.0325	0.0127	0.5574	0.0452
ta-MY	ta	Tamil	MYS	MY	Malaysia			1.2578	0.8424	29.1309	0.2772
ta-RE	ta	Tamil	REU	RE	Réunion						0.0343
ta-SG	ta	Tamil	SGP	SG	Singapore	official		0.1134	0.0828	8.9303	0.1268
taj-NP	taj	Eastern Tamang	NPL	NP	Nepal			0.8337	0.1109	1.8720	0.0148
tbw-PH	tbw	Tagbanwa	PHL	PH	Philippines		R1100	0.0091	0.0034	0.0598	0.0005
tcy-IN	tcy	Tulu	IND	IN	India			1.8650	0.2816	10.1640	0.0546
tdd-CN	tdd	Tai Nüa	CHN	CN	China			0.2585	0.1184	3.0683	0.0631
tdg-NP	tdg	Western Tamang	NPL	NP	Nepal			0.3613	0.0480	0.8112	0.0064
tdh-NP	tdh	Thulung	NPL	NP	Nepal			0.0333	0.0044	0.0749	0.0006
te-IN	te	Telugu	IND	IN	India	official_regional	R1195	89.5205	13.5176	487.8698	2.6210
tem-SL	tem	Timne	SLE	SL	Sierra Leone		R1061	1.5870	0.0270	3.0529	0.0127
teo-KE	teo	Teso	KEN	KE	Kenya			0.3093	0.1206	0.9307	0.0284
teo-UG	teo	Teso	UGA	UG	Uganda			1.4361	0.2327	2.4137	0.0091
tet-TL	tet	Tetum	TLS	TL	Timor-Leste	official	R1076	0.7039	0.0077	5.4038	0.0048
tg_Arab-PK	tg_Arab	Tajik (Arabic)	PAK	PK	Pakistan			0.6025	0.0657	2.7557	0.0172
tg_Cyrl-TJ	tg_Cyrl	Tajik (Cyrillic)	TJK	TJ	Tajikistan	official		8.1320	1.3011	20.6180	0.0748
th-TH	th	Thai	THA	TH	Thailand	official	R1199	54.5832	15.7964	771.6000	6.9203
thl-NP	thl	Dangaura Tharu	NPL	NP	Nepal			0.5558	0.0739	1.2480	0.0099
thq-NP	thq	Kochila Tharu	NPL	NP	Nepal			0.2779	0.0370	0.6240	0.0049
thr-NP	thr	Rana Tharu	NPL	NP	Nepal			0.3335	0.0444	0.7488	0.0059
ti-ER	ti	Tigrinya	ERI	ER	Eritrea	de_facto_official	R1223	3.7968	0.0342	4.5438	0.0034
ti-ET	ti	Tigrinya	ETH	ET	Ethiopia			5.3310	0.1013	7.6049	0.0060
ti-IL	ti	Tigrinya	ISR	IL	Israel			0.0102	0.0072	0.3348	0.0099
tig-ER	tig	Tigre	ERI	ER	Eritrea			1.1390	0.0103	1.3631	0.0010
tiv-NG	tiv	Tiv	NGA	NG	Nigeria			2.7085	1.0292	15.5623	0.0343
tk_Latn-AF	tk_Latn	Turkmen (Latin)	AFG	AF	Afghanistan	official_regional		0.5194	0.0306	0.9991	0.0027
tk_Latn-IR	tk_Latn	Turkmen (Latin)	IRN	IR	Iran			2.1554	0.6768	34.8412	0.3092
tk_Latn-TM	tk_Latn	Turkmen (Latin)	TKM	TM	Turkmenistan	official		3.9928	0.3833	51.3604	0.0143
tkl-TK	tkl	Tokelau	TKL	TK	Tokelau	official	R1185				0.0041
tkr_Latn-AZ	tkr_Latn	tkr (Latin)	AZE	AZ	Azerbaijan			0.0149	0.0087	0.2536	0.0011
tkt-NP	tkt	Kathoriya Tharu	NPL	NP	Nepal			0.0667	0.0089	0.1498	0.0012
tly_Latn-AZ	tly_Latn	tly (Latin)	AZE	AZ	Azerbaijan			0.9123	0.5355	15.5348	0.0703
tmh-ML	tmh	Tamashek	MLI	ML	Mali			0.3539	0.0081	0.5285	0.0012
tmh-NE	tmh	Tamashek	NER	NE	Niger			0.9961	0.0169	0.9805	0.0025
tn-BW	tn	Tswana	BWA	BW	Botswana	official		1.2890	0.1933	19.6472	0.0735
tn-NA	tn	Tswana	NAM	NA	Namibia			0.0061	0.0008	0.0623	0.0012
tn-ZA	tn	Tswana	ZAF	ZA	South Africa	official_regional		4.3445	2.1245	54.3348	2.1688
tn-ZW	tn	Tswana	ZWE	ZW	Zimbabwe			0.0289	0.0053	0.0564	0.0002
to-TO	to	Tongan	TON	TO	Tonga	official		0.0988	0.0346	0.4778	0.0102
tpi-PG	tpi	Tok Pisin	PNG	PG	Papua New Guinea	official	R1057	5.2157	0.3390	11.9450	0.0401
tr-BG	tr	Turkish	BGR	BG	Bulgaria			0.7962	0.4225	13.1517	0.4822
tr-CY	tr	Turkish	CYP	CY	Cyprus	official		0.2026	0.1326	5.8282	0.2463
tr-DE	tr	Turkish	DEU	DE	Germany			2.0200	1.6960	87.8190	3.0053
tr-GR	tr	Turkish	GRC	GR	Greece			0.1328	0.0795	3.3355	0.0707
tr-MK	tr	Turkish	MKD	MK	Macedonia			0.0725	0.0444	0.9124	0.0243
tr-NL	tr	Turkish	NLD	NL	Netherlands			0.2016	0.1894	9.3634	0.5581
tr-RO	tr	Turkish	ROU	RO	Romania			0.0277	0.0138	0.4826	0.0135
tr-TR	tr	Turkish	TUR	TR	Turkey	official	R1206	71.1301	32.8977	1342.4829	15.1488
tr-UA	tr	Turkish	UKR	UA	Ukraine			0.1906	0.0797	1.6485	0.0500
tr-UZ	tr	Turkish	UZB	UZ	Uzbekistan			0.2298	0.0878	1.1896	0.0018
tru-TR	tru	Turoyo	TUR	TR	Turkey			0.0028	0.0013	0.0534	0.0006
trv-TW	trv	Taroko	TWN	TW	Taiwan			0.0047	0.0037	0.1942	0.0071
ts-MZ	ts	Tsonga	MOZ	MZ	Mozambique			2.0409	0.1102	2.1340	0.0330
ts-SZ	ts	Tsonga	SWZ	SZ	Swaziland			0.0186	0.0046	0.1420	0.0008
ts-ZA	ts	Tsonga	ZAF	ZA	South Africa	official_regional		2.3312	1.1400	29.1553	1.1638
tsd-GR	tsd	Tsakonian	GRC	GR	Greece			0.0002	0.0001	0.0053	0.0001
tsf-NP	tsf	Southwestern Tamang	NPL	NP	Nepal			0.1195	0.0159	0.2683	0.0021
tsg-PH	tsg	Tausug	PHL	PH	Philippines	official_regional		1.0723	0.3968	7.0738	0.0594
tsj-BT	tsj	Tshangla	BTN	BT	Bhutan			0.1131	0.0338	0.8139	0.0041
tt-RU	tt	Tatar	RUS	RU	Russia	official_regional	R1214	2.0118	1.2352	48.8827	0.6481
ttj-UG	ttj	Tooro	UGA	UG	Uganda			0.6997	0.1133	1.1759	0.0044
tts-TH	tts	Northeastern Thai	THA	TH	Thailand		R1164	16.3750	4.7389	231.4800	2.0761
ttt_Latn-AZ	ttt_Latn	ttt (Latin)	AZE	AZ	Azerbaijan			0.0205	0.0120	0.3487	0.0016
tum-MW	tum	Tumbuka	MWI	MW	Malawi			1.4373	0.0776	1.0751	0.0127
tvl-TV	tvl	Tuvalu	TUV	TV	Tuvalu	official		0.0101	0.0037	0.0313	0.0085
twq-NE	twq	Tasawaq	NER	NE	Niger			0.0076	0.0001	0.0075	0.0000
ty-PF	ty	Tahitian	PYF	PF	French Polynesia	official					0.0398
tyv-RU	tyv	Tuvinian	RUS	RU	Russia	official_regional		0.1868	0.1147	4.5391	0.0602
tzm_Latn-MA	tzm_Latn	Central Atlas Tamazight (Latin)	MAR	MA	Morocco	official		3.2196	1.8030	23.6843	0.6347
udm-RU	udm	Udmurt	RUS	RU	Russia	official_regional		0.5461	0.3353	13.2682	0.1759
ug_Arab-AF	ug_Arab	Uyghur (Arabic)	AFG	AF	Afghanistan		R1165	0.0029	0.0002	0.0055	0.0000
ug_Arab-CN	ug_Arab	Uyghur (Arabic)	CHN	CN	China	official_regional		7.4842	3.4278	88.8200	1.8265
ug_Cyrl-KZ	ug_Cyrl	Uyghur (Cyrillic)	KAZ	KZ	Kazakhstan			0.3433	0.1854	7.9091	0.0556
ug_Cyrl-MN	ug_Cyrl	Uyghur (Cyrillic)	MNG	MN	Mongolia			0.0010	0.0002	0.0091	0.0001
uk-MD	uk	Ukrainian	MDA	MD	Moldova			0.4983	0.2432	2.3253	0.1466
uk-PL	uk	Ukrainian	POL	PL	Poland			0.1503	0.0944	3.4974	0.0807
uk-RS	uk	Ukrainian	SRB	RS	Serbia	official_regional	R1260	0.0000	0.0000	0.0000	0.0000
uk-SK	uk	Ukrainian	SVK	SK	Slovakia			0.1028	0.0801	2.7362	0.0526
uk-UA	uk	Ukrainian	UKR	UA	Ukraine	official		29.4925	12.3278	255.1283	7.7357
uli-FM	uli	Ulithian	FSM	FM	Micronesia			0.0029	0.0008	0.0091	0.0003
umb-AO	umb	Umbundu	AGO	AO	Angola			6.0378	1.1532	48.1704	0.3329
und-AQ	und	Unknown Language	ATA	AQ	Antarctica		R1060				0.0013
und-BV	und	Unknown Language	BVT	BV	Bouvet Island						0.0013
und-CP	und	Unknown Language	CPT	CP	Clipperton Island		R1062				
und-GS	und	Unknown Language	SGS	GS	South Georgia & South Sandwich Islands		R1178				0.0013
und-HM	und	Unknown Language	HMD	HM	Heard & McDonald Islands		R1064				0.0010
unr_Beng-IN	unr_Beng	unr (Bengali)	IND	IN	India			1.1812	0.1784	6.4372	0.0346
unr_Deva-NP	unr_Deva	unr (Devanagari)	NPL	NP	Nepal			0.0050	0.0007	0.0112	0.0001
unx_Beng-IN	unx_Beng	unx (Bengali)	IND	IN	India			0.5968	0.0901	3.2525	0.0175
ur-IN	ur	Urdu	IND	IN	India	official_regional	R1195	62.1670	9.3872	338.7985	1.8202
ur-MU	ur	Urdu	MUS	MU	Mauritius			0.0677	0.0264	1.1593	0.0941
ur-PK	ur	Urdu	PAK	PK	Pakistan	official	R1106	173.4596	18.9071	793.3212	4.9658
uz_Arab-AF	uz_Arab	Uzbek (Arabic)	AFG	AF	Afghanistan	official_regional		1.4359	0.0847	2.7621	0.0076
uz_Cyrl-CN	uz_Cyrl	Uzbek (Cyrillic)	CHN	CN	China			0.0054	0.0025	0.0646	0.0013
uz_Cyrl-UZ	uz_Cyrl	Uzbek (Cyrillic)	UZB	UZ	Uzbekistan	official	R1263	4.5362	1.7328	23.4786	0.0352
uz_Latn-TM	uz_Latn	Uzbek (Latin)	TKM	TM	Turkmenistan			0.5134	0.0493	6.6035	0.0018
uz_Latn-TR	uz_Latn	Uzbek (Latin)	TUR	TR	Turkey			0.0018	0.0008	0.0346	0.0004
uz_Latn-UZ	uz_Latn	Uzbek (Latin)	UZB	UZ	Uzbekistan	official	R1263	25.7049	9.8193	133.0454	0.1993
vai_Latn-LR	vai_Latn	Vai (Latin)	LBR	LR	Liberia		R1272	0.0000	0.0000	0.0000	0.0000
vai_Vaii-LR	vai_Vaii	Vai (Vai)	LBR	LR	Liberia		R1271	0.1061	0.0049	0.0941	0.0006
ve-ZA	ve	Venda	ZAF	ZA	South Africa	official_regional		1.2186	0.5959	15.2403	0.6083
ve-ZW	ve	Venda	ZWE	ZW	Zimbabwe			0.0839	0.0155	0.1641	0.0006
vec-IT	vec	Venetian	ITA	IT	Italy		R1295	0.7759	0.4536	26.4607	0.6890
vep-RU	vep	Veps	RUS	RU	Russia			0.0036	0.0022	0.0873	0.0012
vi-CN	vi	Vietnamese	CHN	CN	China			0.0068	0.0031	0.0807	0.0017
vi-US	vi	Vietnamese	USA	US	United States			1.0757	0.9057	57.0114	5.4327
vi-VN	vi	Vietnamese	VNM	VN	Vietnam	official	R1218	77.1343	33.8619	408.4570	13.4485
vic-SX	vic	Virgin Islands Creole English	SXM	SX	Sint Maarten		R1238				0.0019
vls-BE	vls	Vlaams	BEL	BE	Belgium			1.1162	0.9172	45.4954	2.8481
vmf-DE	vmf	Mainfränkisch	DEU	DE	Germany			4.8480	4.0704	210.7656	7.2126
vmw-MZ	vmw	Makhuwa	MOZ	MZ	Mozambique			3.3584	0.1814	3.5117	0.0544
vro-EE	vro	Võro	EST	EE	Estonia			0.0752	0.0602	1.9604	0.0772
vun-TZ	vun	Vunjo	TZA	TZ	Tanzania			0.3471	0.0153	0.6366	0.0064
wa-BE	wa	Walloon	BEL	BE	Belgium		R1005	0.6474	0.5320	26.3873	1.6519
wae-CH	wae	Walser	CHE	CH	Switzerland			0.0096	0.0083	0.5184	0.0246
wae-LI	wae	Walser	LIE	LI	Liechtenstein						0.0032
wal-ET	wal	Wolaytta	ETH	ET	Ethiopia			1.5993	0.0304	2.2815	0.0018
war-PH	war	Waray	PHL	PH	Philippines	official_regional		2.8270	1.0460	18.6492	0.1565
wbp-AU	wbp	 Warlpiri 	AUS	AU	Australia			0.0026	0.0021	0.1158	0.0053
wbq-IN	wbq	Waddar	IND	IN	India			2.2380	0.3379	12.1967	0.0655
wbr-IN	wbr	Wagdi	IND	IN	India			1.8650	0.2816	10.1640	0.0546
wls-WF	wls	Wallisian	WLF	WF	Wallis and Futuna						0.0028
wo-MR	wo	Wolof	MRT	MR	Mauritania			0.0104	0.0006	0.0331	0.0001
wo-SN	wo	Wolof	SEN	SN	Senegal	de_facto_official	R1297	9.8875	2.0665	22.1781	0.1595
wtm-IN	wtm	Mewati	IND	IN	India			5.7194	0.8636	31.1695	0.1675
wuu-CN	wuu	Wu Chinese	CHN	CN	China			81.6456	37.3937	968.9454	19.9254
xav-BR	xav	Xavánte	BRA	BR	Brazil			0.0099	0.0051	0.1476	0.0040
xh-LS	xh	Xhosa	LSO	LS	Lesotho			0.0189	0.0009	0.0522	0.0007
xh-ZA	xh	Xhosa	ZAF	ZA	South Africa	official_regional		9.5368	4.6635	119.2716	4.7609
xmf-GE	xmf	Mingrelian	GEO	GE	Georgia			0.4932	0.2126	3.5295	0.1302
xnr-IN	xnr	Kangri	IND	IN	India			1.9893	0.3004	10.8416	0.0582
xog-UG	xog	Soga	UGA	UG	Uganda			1.9517	0.3162	3.2802	0.0124
xsr-NP	xsr	Sherpa	NPL	NP	Nepal			0.1445	0.0192	0.3245	0.0026
yao-MZ	yao	Yao	MOZ	MZ	Mozambique			0.6200	0.0335	0.6483	0.0100
yap-FM	yap	Yapese	FSM	FM	Micronesia			0.0064	0.0018	0.0201	0.0006
yav-CM	yav	Yangben	CMR	CM	Cameroon			0.0022	0.0001	0.0062	0.0000
ybb-CM	ybb	Yemba	CMR	CM	Cameroon		R1114	0.3519	0.0225	1.0067	0.0040
yi-CA	yi	Yiddish	CAN	CA	Canada		R1021	0.0158	0.0136	0.6833	0.0362
yi-GB	yi	Yiddish	GBR	GB	United Kingdom		R1249	0.0314	0.0282	1.1370	0.0606
yi-IL	yi	Yiddish	ISR	IL	Israel			0.2361	0.1672	7.7253	0.2283
yi-SE	yi	Yiddish	SWE	SE	Sweden			0.0030	0.0028	0.1296	0.0083
yi-UA	yi	Yiddish	UKR	UA	Ukraine			0.5898	0.2466	5.1026	0.1547
yi-US	yi	Yiddish	USA	US	United States		R1262	0.1550	0.1305	8.2163	0.7830
yo-BJ	yo	Yoruba	BEN	BJ	Benin			0.6915	0.0339	1.2398	0.0043
yo-NG	yo	Yoruba	NGA	NG	Nigeria	official		22.0067	8.3625	126.4440	0.2783
yrl-BR	yrl	Nhengatu	BRA	BR	Brazil			0.0105	0.0054	0.1567	0.0042
yua-MX	yua	Yucateco	MEX	MX	Mexico			0.7933	0.3448	13.7946	0.1929
za-CN	za	Zhuang	CHN	CN	China	official_regional		4.2184	1.9320	50.0622	1.0295
zdj-KM	zdj	Ngazidja Comorian	COM	KM	Comoros	official	R1198	0.2623	0.0171	0.4240	0.0020
zea-NL	zea	Zeeuws	NLD	NL	Netherlands			0.2352	0.2210	10.9240	0.6511
zgh-MA	zgh	Standard Moroccan Tamazight	MAR	MA	Morocco		R1254	7.2277	4.0475	53.1689	1.4248
zh_Hans-CN	zh_Hans	Chinese (Simplified)	CHN	CN	China	official		1224.6840	560.9053	14534.1810	298.8816
zh_Hans-HK	zh_Hans	Chinese (Simplified)	HKG	HK	Hong Kong SAR China		R1143	0.3610	0.2679	19.1265	0.5990
zh_Hans-MN	zh_Hans	Chinese (Simplified)	MNG	MN	Mongolia			0.0403	0.0071	0.3750	0.0029
zh_Hans-MO	zh_Hans	Chinese (Simplified)	MAC	MO	Macau SAR China		R1143				0.0166
zh_Hans-SG	zh_Hans	Chinese (Simplified)	SGP	SG	Singapore	official		4.1572	3.0348	327.4433	4.6476
zh_Hant-AU	zh_Hant	Chinese (Traditional)	AUS	AU	Australia			0.4897	0.4065	22.1046	1.0184
zh_Hant-BN	zh_Hant	Chinese (Traditional)	BRN	BN	Brunei			0.0447	0.0288	3.2986	0.0225
zh_Hant-GB	zh_Hant	Chinese (Traditional)	GBR	GB	United Kingdom			0.3461	0.3109	12.5304	0.6682
zh_Hant-GF	zh_Hant	Chinese (Traditional)	GUF	GF	French Guiana						0.0010
zh_Hant-HK	zh_Hant	Chinese (Traditional)	HKG	HK	Hong Kong SAR China	official		6.8590	5.0894	363.4025	11.3817
zh_Hant-ID	zh_Hant	Chinese (Traditional)	IDN	ID	Indonesia			2.2812	0.3609	21.9783	0.1626
zh_Hant-MO	zh_Hant	Chinese (Traditional)	MAC	MO	Macau SAR China	official					0.3256
zh_Hant-MY	zh_Hant	Chinese (Traditional)	MYS	MY	Malaysia			5.0912	3.4095	117.9110	1.1219
zh_Hant-PA	zh_Hant	Chinese (Traditional)	PAN	PA	Panama			0.0063	0.0027	0.1207	0.0033
zh_Hant-PF	zh_Hant	Chinese (Traditional)	PYF	PF	French Polynesia						0.0100
zh_Hant-PH	zh_Hant	Chinese (Traditional)	PHL	PH	Philippines			0.7116	0.2633	4.6945	0.0394
zh_Hant-SR	zh_Hant	Chinese (Traditional)	SUR	SR	Suriname			0.0066	0.0025	0.1056	0.0009
zh_Hant-TH	zh_Hant	Chinese (Traditional)	THA	TH	Thailand			1.2281	0.3554	17.3610	0.1557
zh_Hant-TW	zh_Hant	Chinese (Traditional)	TWN	TW	Taiwan	official		22.2053	17.7642	922.3635	33.7007
zh_Hant-US	zh_Hant	Chinese (Traditional)	USA	US	United States			2.1830	1.8381	115.6995	11.0252
zh_Hant-VN	zh_Hant	Chinese (Traditional)	VNM	VN	Vietnam			0.8969	0.3937	4.7495	0.1564
zmi-MY	zmi	Negeri Sembilan Malay	MYS	MY	Malaysia			0.3594	0.2407	8.3231	0.0792
zu-LS	zu	Zulu	LSO	LS	Lesotho			0.2668	0.0133	0.7379	0.0101
zu-MW	zu	Zulu	MWI	MW	Malawi			0.0565	0.0030	0.0422	0.0005
zu-MZ	zu	Zulu	MOZ	MZ	Mozambique			0.0019	0.0001	0.0020	0.0000
zu-SZ	zu	Zulu	SWZ	SZ	Swaziland			0.0743	0.0184	0.5680	0.0031
zu-ZA	zu	Zulu	ZAF	ZA	South Africa	official_regional		12.7157	6.2180	159.0288	6.3478
zza-TR	zza	Zaza	TUR	TR	Turkey			1.0708	0.4952	20.2094	0.2280
